id,nome_completo,nome_artistico,data_nascimento,data_falecimento,pais_nascimento,cidade_nascimento,periodo_id,biografia_curta,biografia_completa,principais_obras,estilo_musical,instrumentos_tocados,curiosidades,foto_url,audio_assinatura_url,nivel_importancia,tags,ativo,created_at
01826610-9488-44c5-92c3-4edfd0470bee,Georg Friedrich Händel,Handel,1685-02-23,1759-04-14,Alemanha,Halle,d8c30e03-788e-4a90-970c-7585963b3949,"Compositor barroco alemão naturalizado britânico. Mestre dos oratórios, autor de Messias e Music for the Royal Fireworks.","George Frideric Handel foi um compositor barroco alemão que se naturalizou britânico. Nasceu em Halle, Alemanha, em 1685, mesmo ano que Bach e Scarlatti. Mudou-se para Londres onde fez carreira brilhante. Foi o maior compositor de óperas italianas na Inglaterra e revolucionou o gênero do oratório em inglês. Seu Messias é uma das obras corais mais executadas da história. Compôs também música instrumental como Water Music e Music for the Royal Fireworks. Teve vida longa e produtiva, sendo enterrado na Abadia de Westminster com honras de estado.","[""Messias"",""Water Music"",""Music for the Royal Fireworks"",""Zadok the Priest""]",Barroco Inglês,"[""cravo"",""órgão""]","{""fatos"": [{""texto"": ""Nasceu no mesmo ano que Bach (1685), mas teve carreiras muito diferentes. Bach era mais tradicional, Handel mais cosmopolita e internacional."", ""titulo"": ""Rival de Bach""}, {""texto"": ""O coro Hallelujah do Messias é tão famoso que o público britânico se levanta ao ouvi-lo, tradição iniciada pelo rei George II."", ""titulo"": ""Hallelujah!""}]}",,,5,"[""barroco"",""oratório"",""ópera""]",true,2025-12-15 02:37:56.378902+00
102ed8a3-0f8b-4bd4-9bcc-ea6ccbf49c16,Jakob Ludwig Felix Mendelssohn Bartholdy,Mendelssohn,1809-02-03,1847-11-04,Alemanha,Hamburgo,e8ce8fcc-5d20-4557-be06-c908b975e141,Criança prodígio que redescobriu Bach. Compositor de elegância clássica com espírito romântico,"Felix Mendelssohn (1809-1847) foi criança prodígio de família abastada judia convertida ao protestantismo. Aos 9 anos estreou como pianista, aos 17 compôs Sonho de Uma Noite de Verão (abertura). Em 1829, aos 20 anos, regeu a Paixão segundo São Mateus de Bach em Berlim, 100 anos após morte do compositor - evento que iniciou o renascimento bachiano. Foi um dos primeiros maestros profissionais modernos. Fundou Conservatório de Leipzig (1843). Viajou pela Europa (Itália, Escócia, Inglaterra). Compôs 5 sinfonias (Italiana, Escocesa), Concerto para Violino (um dos mais populares), oratório Elias, música de câmara, peças para piano (Canções Sem Palavras). Morreu prematuramente aos 38 anos de derrame cerebral, meses após morte da irmã amada Fanny (também compositora talentosa). Sua música combina elegância clássica com lirismo romântico.","[""Concerto para Violino em Mi menor Op. 64"",""Sonho de Uma Noite de Verão (abertura e música incidental)"",""Sinfonia nº 4 Italiana"",""Sinfonia nº 3 Escocesa"",""Oratório Elias"",""Canções Sem Palavras (48 peças para piano)"",""Octeto para Cordas"",""Hebrides (Gruta de Fingal)"",""Romances Sem Palavras Op. 19 nº 1"",""Variações Sérias Op. 54""]",Romantismo conservador,"[""Piano"",""Violino"",""Viola""]","[{""texto"": ""Regeu Paixão segundo São Mateus em Berlim (1829), 100 anos após morte de Bach. Evento histórico que iniciou renascimento bachiano. Sem Mendelssohn, Bach poderia ter permanecido esquecido."", ""titulo"": ""Redescobriu Bach para o mundo"", ""categoria"": ""legado""}, {""texto"": ""Morreu aos 38 anos de série de derrames cerebrais, meses após morte de sua amada irmã Fanny (também compositora). Deixou 5ª sinfonia inacabada. Morreu na idade exata que Fanny morreu."", ""titulo"": ""Morte prematura aos 38"", ""categoria"": ""tragedia""}]",https://upload.wikimedia.org/wikipedia/commons/thumb/2/2e/Mendelssohn_Bartholdy.jpg/800px-Mendelssohn_Bartholdy.jpg,https://www.youtube.com/watch?v=o1dBg__wsuo,4,"[""romantico"",""alemao"",""virtuose"",""maestro""]",true,2025-10-09 02:50:34.631005+00
242645c7-e035-4868-8fbb-bd67916f7ebe,Béla Viktor János Bartók,Bartók,1881-03-25,1945-09-26,Hungria,Nagyszentmiklós,a8106bcd-4791-46f4-b502-bda5fe19c041,"Etnomusicólogo que coletou milhares de canções folclóricas e as fundiu com modernismo, criando linguagem única","Béla Bartók (1881-1945) foi compositor, pianista e etnomusicólogo pioneiro. Estudou Academia de Música de Budapeste. Com Zoltán Kodály, viajou por vilarejos húngaros, romenos, eslovacos, turcos, árabes (1906-1918), gravando com fonógrafo cilíndrico mais de 10.000 canções folclóricas autênticas (não urbanas, mas camponesas primitivas). Incorporou ritmos, escalas e melodias folclóricas em linguagem modernista: Música para Cordas, Percussão e Celesta (1936), Concerto para Orquestra (1943), 6 Quartetos de Cordas (obras-primas do gênero), Mikrokosmos (153 peças progressivas para piano), 3 concertos para piano, ópera O Castelo do Barba Azul. Técnicas: escalas folclóricas, ritmos irregulares (aksak búlgaro), clusters, politonalidade, batidas percussivas no piano. Fugiu nazismo (1940), exilando-se em Nova York, onde viveu em pobreza. Morreu de leucemia aos 64 anos, pobre e pouco reconhecido. Pós-morte, tornou-se um dos mais influentes do século XX.","[""Concerto para Orquestra"",""Música para Cordas, Percussão e Celesta"",""Quarteto de Cordas nº 4"",""O Castelo do Barba Azul (ópera)"",""Mikrokosmos (153 peças para piano)"",""Concerto para Piano nº 3"",""Allegro Barbaro"",""Danças Romenas"",""Sonata para Dois Pianos e Percussão"",""O Mandarim Maravilhoso (balé)""]",Modernismo nacionalista,"[""Piano""]","[{""texto"": ""Viajou anos por vilarejos remotos com fonógrafo cilíndrico (1906-1918), gravando mais de 10.000 canções folclóricas autênticas camponesas. Trabalho etnomusicológico pioneiro, preservando culturas ameaçadas."", ""titulo"": ""Coletou 10.000 canções folclóricas"", ""categoria"": ""etnomusicologia""}, {""texto"": ""Fugiu nazismo para Nova York (1940) mas viveu últimos 5 anos em pobreza, doente de leucemia. Concerto para Orquestra (1943) foi encomenda emergencial de Koussevitzky para ajudá-lo financeiramente."", ""titulo"": ""Morreu pobre em Nova York"", ""categoria"": ""tragedia""}]",https://upload.wikimedia.org/wikipedia/commons/thumb/3/37/Bartok_Bela_1927.jpg/800px-Bartok_Bela_1927.jpg,https://www.youtube.com/watch?v=yWwjlbB0Cdo,4,"[""modernismo"",""hungaro"",""folclorico"",""etnomusicologo""]",true,2025-10-09 02:50:34.631005+00
26f0c4d7-e0f6-4ba3-a360-574ddf65d2e6,Johann Pachelbel,Pachelbel,1653-09-01,1706-03-09,Alemanha,Nuremberg,d8c30e03-788e-4a90-970c-7585963b3949,Compositor e organista alemão do período Barroco. Conhecido principalmente por seu famoso Canon em Ré maior.,"Johann Pachelbel foi um compositor e organista alemão do período Barroco. Nasceu em Nuremberg em 1653. Foi um dos compositores mais importantes de sua época, especialmente famoso por suas obras para órgão e música de câmara. Seu Canon em Ré maior é uma das peças mais conhecidas da música clássica, embora tenha sido redescoberta apenas no século XX. Trabalhou em várias cidades alemãs e foi professor de Johann Christoph Bach, irmão mais velho de J.S. Bach. Sua música influenciou profundamente o desenvolvimento da fuga e do coral luterano.","[""Canon em Ré maior"",""Hexachordum Apollinis"",""Chaconne em Fá menor""]",Barroco Alemão,"[""órgão"",""cravo""]","{""fatos"": [{""texto"": ""O Canon em Ré maior só se tornou popular 200 anos após sua morte, sendo redescoberto no século XX."", ""titulo"": ""Sucesso Póstumo""}, {""texto"": ""Foi professor do irmão mais velho de J.S. Bach e influenciou muito o estilo do grande compositor."", ""titulo"": ""Influência em Bach""}]}",,,4,"[""barroco"",""órgão"",""canon""]",true,2025-12-15 02:37:56.378902+00
280b11e5-12eb-4b8e-9099-d4dff10fcc18,Milton Silva Campos do Nascimento,Milton Nascimento,1942-10-26,,Brasil,,f2f37801-7669-4d4b-9bb9-2e79589d410e,"Voz inconfundível, considerada uma das maiores do mundo. Suas harmonias sofisticadas e melodias emocionantes transcendem gêneros. Clube da Esquina renovou a MPB. Admirado por músicos de jazz mundialmente.","Milton Nascimento possui uma das vozes mais extraordinárias da história da música. Nascido no Rio de Janeiro, criado em Três Pontas, Minas Gerais, sua voz tem alcance e timbre únicos. Venceu o II Festival Internacional da Canção com ""Travessia"" (1967). Líder do movimento Clube da Esquina, ao lado de Lô Borges, Fernando Brant e Toninho Horta, criou um som que mescla MPB, jazz, rock, música erudita e raízes mineiras. Álbuns como ""Clube da Esquina"" (1972) e ""Minas"" (1975) são obras-primas absolutas. Suas harmonias sofisticadas influenciaram jazz musicians como Wayne Shorter e Herbie Hancock. ""Maria Maria"" e ""Ponta de Areia"" são hinos brasileiros.","[""Travessia"",""Clube da Esquina"",""Maria Maria"",""Ponta de Areia"",""Encontros e Despedidas""]","MPB, Jazz brasileiro, Clube da Esquina",,"[{""texto"": ""Sua voz tem alcance de três oitavas e um timbre impossível de classificar. Wayne Shorter disse que a voz de Milton é um dos sons mais bonitos que já ouviu."", ""titulo"": ""Voz única""}, {""texto"": ""O movimento Clube da Esquina (nome de uma esquina em Belo Horizonte onde os músicos se reuniam) criou uma fusão única de MPB, jazz, rock e música mineira."", ""titulo"": ""Clube da Esquina""}]",,,5,,true,2025-12-14 20:49:33.510717+00
2c66f118-3e49-479f-99b8-e7fde3340932,Frédéric François Chopin,Chopin,1810-03-01,1849-10-17,Polônia,Żelazowa Wola,e8ce8fcc-5d20-4557-be06-c908b975e141,"Poeta do piano, criou novas formas de expressão pianística. Mestre da miniatura musical e do lirismo polonês","Frédéric Chopin (1810-1849) é o poeta do piano romântico. Nasceu na Polônia, filho de pai francês e mãe polonesa. Estudou no Conservatório de Varsóvia. Em 1830, deixou a Polônia pouco antes da Revolta de Novembro contra a Rússia, nunca mais retornando. Estabeleceu-se em Paris (1831), onde se tornou sensação nos salões aristocráticos. Ao contrário dos virtuoses showmen como Liszt, Chopin preferia a intimidade dos salões, detestando grandes concertos públicos. Compôs quase exclusivamente para piano solo (exceto 2 concertos para piano, sonata para violoncelo, algumas canções). Criou ou aperfeiçoou formas: balada (narrativa musical), scherzo pianístico, noturno poético, estudo de concerto (técnica + arte), prelúdio moderno, valsa de concerto. Incorporou elementos folclóricos poloneses (mazurca, polonaise) elevados a arte erudita. Relacionamento famoso com a escritora George Sand (1838-1847). Sofria de tuberculose desde jovem, falecendo aos 39 anos em Paris. Seu coração foi levado para Varsóvia conforme seu desejo.","[""Balada nº 1 em Sol menor Op. 23"",""24 Prelúdios Op. 28"",""Noturno em Mi bemol maior Op. 9 nº 2"",""Estudo Revolucionário em Dó menor Op. 10 nº 12"",""Polonaise Heroica em Lá bemol maior Op. 53"",""Scherzo nº 2 em Si bemol menor Op. 31"",""Concerto para Piano nº 1 em Mi menor Op. 11"",""Valsa do Minuto Op. 64 nº 1"",""Sonata nº 2 em Si bemol menor Op. 35 (Marcha Fúnebre)"",""Fantasia-Improviso em Dó sustenido menor Op. 66"",""Barcarola em Fá sustenido maior Op. 60""]",Romantismo pianístico,"[""Piano""]","[{""texto"": ""Pediu que após sua morte seu coração fosse levado de volta para a Polônia. Ele foi preservado em conhaque e contrabandeado para Varsóvia, onde repousa num pilar da Igreja da Santa Cruz. Seu corpo está em Paris."", ""titulo"": ""Coração em Varsóvia, corpo em Paris"", ""categoria"": ""morte""}, {""texto"": ""Teve relacionamento de 9 anos (1838-1847) com a escritora George Sand (pseudônimo de Amantine Dupin). Ela cuidou dele em Mallorca durante inverno difícil (1838-39) onde compôs os Prelúdios."", ""titulo"": ""Romance com George Sand"", ""categoria"": ""vida_pessoal""}, {""texto"": ""Ao contrário de Liszt, Chopin detestava tocar em grandes salas. Deu apenas cerca de 30 concertos públicos em toda vida, preferindo a intimidade dos salões aristocráticos parisienses onde tinha audiências de no máximo 300 pessoas."", ""titulo"": ""Detestava concertos públicos"", ""categoria"": ""personalidade""}, {""texto"": ""Deixou a Polônia em 1830, pouco antes da Revolta de Novembro. Nunca voltou, mas toda sua música é impregnada de nostalgia polonesa. O Estudo Op. 10 nº 12 é chamado Revolucionário."", ""titulo"": ""Revolucionário sem revolução"", ""categoria"": ""nacionalismo""}]",https://upload.wikimedia.org/wikipedia/commons/thumb/e/e8/Frederic_Chopin_photo.jpeg/800px-Frederic_Chopin_photo.jpeg,https://www.youtube.com/watch?v=9E6b3swbnWg,5,"[""romantico"",""piano"",""polonia"",""nocturno"",""balada"",""poeta""]",true,2025-10-09 02:04:40.115836+00
2d6c26aa-002e-4fe4-a5be-5f1da2ceaad8,Marcus Vinicius da Cruz e Mello Moraes,Vinicius de Moraes,1913-10-19,1980-07-09,Brasil,,798ce272-a0af-40a3-97c5-11b83fe0addb,Poeta e compositor. Parceiro de Tom Jobim na criação da bossa nova. Diplomata que escolheu a música. Suas letras elevam a canção popular brasileira à poesia maior.,"Vinicius de Moraes foi poeta, dramaturgo, diplomata e compositor. Conhecido como ""o poetinha"", suas letras transformaram a canção popular brasileira em alta poesia. Diplomata de carreira, serviu em Los Angeles, Paris e Montevidéu, mas a música sempre foi sua paixão. Parceiro de Tom Jobim, Baden Powell, Toquinho e muitos outros, escreveu algumas das mais belas letras da música brasileira. ""Garota de Ipanema"", ""Chega de Saudade"", ""Aquarela do Brasil"" - todas com letras que são poemas. Casou-se nove vezes e dizia: ""Sou essencialmente um homem de amor"". Sua obra poético-musical é patrimônio da língua portuguesa.","[""Garota de Ipanema"",""Chega de Saudade"",""Eu Sei Que Vou Te Amar"",""Aquarela do Brasil""]","Bossa Nova, MPB, Samba-canção",,"[{""texto"": ""Foi diplomata brasileiro servindo em vários países, mas pediu demissão em 1968 para se dedicar à música. O Itamaraty considerava suas atividades boêmias \""incompatíveis\"" com a carreira diplomática."", ""titulo"": ""Diplomata poeta""}, {""texto"": ""Casou-se nove vezes e dizia que era \""essencialmente um homem de amor\"". Suas canções românticas refletem essa paixão intensa pela vida e pelo amor."", ""titulo"": ""Nove casamentos""}]",,,5,,true,2025-12-14 20:49:33.510717+00
2d850638-b14d-4fb8-b987-d85c7892ea62,Francisco Buarque de Hollanda,Chico Buarque,1944-06-19,,Brasil,,480e5257-9aca-48e8-971f-f19794fc0dcf,"Compositor, escritor e dramaturgo. Mestre da palavra na canção. Suas músicas denunciaram a ditadura com sofisticação poética. Vencedor de múltiplos festivais. Um dos maiores letristas da língua portuguesa.","Chico Buarque é um dos maiores artistas brasileiros vivos. Filho do historiador Sérgio Buarque de Hollanda, desde jovem mostrou talento extraordinário para a palavra. Venceu festivais nos anos 1960 com ""A Banda"" e ""Roda Viva"". Durante a ditadura militar, suas letras inteligentes e metafóricas driblavam a censura enquanto denunciavam o regime - ""Apesar de Você"", ""Cálice"". Criou heterônimos como Julinho da Adelaide para burlar censores. Além de compositor, é romancista premiado (""Budapeste"", ""Leite Derramado""). Suas letras têm qualidade literária rara, trabalhando com trocadilhos, metáforas e estruturas poéticas complexas como em ""Construção"".","[""Construção"",""Apesar de Você"",""Cálice"",""Gota d'Água"",""O Que Será""]","MPB, Samba, Canção de protesto",,"[{""texto"": ""Em \""Construção\"", todas as palavras terminam em proparoxítonas, criando efeito poético único. A letra genial narra a morte de um operário, denunciando condições de trabalho desumanas."", ""titulo"": ""Construção""}, {""texto"": ""Criou o heterônimo Julinho da Adelaide para burlar a censura da ditadura. Músicas censuradas eram \""liberadas\"" quando atribuídas ao jovem compositor desconhecido."", ""titulo"": ""Julinho da Adelaide""}]",,,5,,true,2025-12-14 20:49:33.510717+00
2ef6c728-858b-41cf-bb9d-e844783a0969,Achille-Claude Debussy,Debussy,1862-08-22,1918-03-25,França,Saint-Germain-en-Laye,fec1fe65-dfd0-4797-bd51-693f3a612214,Revolucionou a harmonia e o timbre. Criador do Impressionismo musical com cores sonoras etéreas e ambiguidade tonal,"Claude Debussy (1862-1918) é o pai do Impressionismo musical e um dos compositores mais revolucionários. Estudou no Conservatório de Paris (1872-1884), ganhando Prix de Rome (1884). Rompeu com tradição romântica alemã, criando linguagem radicalmente nova. Influências: gamelão javanês (Exposição Universal de Paris 1889), simbolismo literário (Mallarmé, Verlaine), pintura impressionista (Monet). Características: acordes paralelos (quintas, nonas), escalas de tons inteiros, modos antigos, pentatônica, politonalidade incipiente, orquestração refinadíssima (timbres puros, cores). Obras principais: Prélude à l'après-midi d'un faune (1894, baseado em Mallarmé), La Mer (1905, 3 esboços sinfônicos do mar), ópera Pelléas et Mélisande (1902, texto de Maeterlinck), 24 Préludes para piano (1910-1913: Des pas sur la neige, Feux d'artifice), Estampes, Images. Escrita pianística explora pedais, ressonâncias, registros etéreos. Vida pessoal turbulenta: 2 casamentos, amante Emma Bardac. Nacionalista durante 1ª Guerra Mundial, assinou obras ""Claude Debussy, musicien français"". Morreu de câncer retal aos 55 anos, durante bombardeio alemão de Paris (1918). Influenciou profundamente música do século XX: Ravel, Messiaen, Boulez, jazz (Bill Evans).","[""Prélude à l'après-midi d'un faune (Prelúdio à Tarde de um Fauno)"",""La Mer (3 esboços sinfônicos)"",""Clair de lune (do Suite Bergamasque)"",""Pelléas et Mélisande (ópera)"",""24 Préludes para piano"",""Images para piano"",""Estampes"",""Quarteto de Cordas em Sol menor"",""La Cathédrale engloutie (Prelúdio)"",""Jeux (balé)""]",Impressionismo,"[""Piano""]","[{""texto"": ""Ficou fascinado pelo gamelão javanês (orquestra de gongos e metalofones) na Exposição Universal de Paris (1889). Incorporou escalas pentatônicas e sonoridades exóticas em sua música, revolucionando a harmonia ocidental."", ""titulo"": ""Gamelão javanês na Exposição"", ""categoria"": ""influencia""}, {""texto"": ""Ironicamente, Debussy detestava o rótulo impressionista aplicado à sua música. Preferia simbolista. Mas o termo pegou pela analogia com Monet, Renoir e a atmosfera nebulosa de suas obras."", ""titulo"": ""Detestava ser chamado de impressionista"", ""categoria"": ""curiosidade""}, {""texto"": ""Morreu em Paris em 1918, durante bombardeio alemão (Bertha) na 1ª Guerra Mundial, de câncer retal. Seu funeral foi apressado devido aos bombardeios constantes. Tinha apenas 55 anos."", ""titulo"": ""Morte durante bombardeio"", ""categoria"": ""morte""}]",https://upload.wikimedia.org/wikipedia/commons/thumb/a/a5/Claude_Debussy_ca_1908%2C_foto_av_F%C3%A9lix_Nadar.jpg/800px-Claude_Debussy_ca_1908%2C_foto_av_F%C3%A9lix_Nadar.jpg,https://www.youtube.com/watch?v=9_7loz-HWUM,5,"[""impressionismo"",""frances"",""piano"",""inovacao"",""harmonia""]",true,2025-10-09 02:15:02.70535+00
37681c66-7ef1-4634-b268-fbc1be69e4c5,Ludwig van Beethoven,Beethoven,1770-12-17,1827-03-26,Alemanha,Bonn,f8ed8ab3-ef44-47e5-8a3f-80b4dd60f89a,Revolucionou a música sinfônica e continuou compondo obras-primas mesmo surdo. Ponte entre Classicismo e Romantismo,"Ludwig van Beethoven nasceu em Bonn em 1770. Seu pai, tenor na corte, deu-lhe educação musical rigorosa e às vezes brutal, sonhando criar um novo Mozart. Em 1792, mudou-se para Viena para estudar com Haydn. Beethoven revolucionou a música, expandindo dramaticamente a forma sonata, a sinfonia e o concerto. Sua obra divide-se em três períodos: inicial influência de Haydn e Mozart, médio obras heroicas como a 5ª Sinfonia e tardio quartetos de cordas transcendentais. A tragédia de sua vida foi a surdez progressiva, diagnosticada aos 26 anos. Em 1802, escreveu o Testamento de Heiligenstadt contemplando o suicídio. Mas decidiu viver pela arte. Surpreendentemente, suas obras mais profundas - 9ª Sinfonia, Missa Solemnis, últimos quartetos - foram compostas quando completamente surdo. Beethoven foi o primeiro compositor verdadeiramente independente, não servindo a nenhuma corte. Morreu em 1827 durante uma tempestade, e 20000 pessoas compareceram ao seu funeral.","[""Sinfonia nº 9 em Ré menor Op. 125 (com Ode à Alegria)"",""Sinfonia nº 5 em Dó menor Op. 67"",""Sinfonia nº 6 Pastoral em Fá maior Op. 68"",""Sinfonia nº 3 Eroica em Mi bemol maior Op. 55"",""Sonata para Piano nº 14 Ao Luar Op. 27 nº 2"",""Sonata para Piano nº 23 Appassionata Op. 57"",""Concerto para Piano nº 5 Imperador Op. 73"",""Concerto para Violino em Ré maior Op. 61"",""Missa Solemnis Op. 123"",""Ópera Fidelio Op. 72"",""Grande Fuga Op. 133""]",Classicismo/Romantismo (transição),"[""Piano"",""Violino"",""Viola"",""Órgão""]","[{""texto"": ""Beethoven começou a perder a audição aos 26 anos. Aos 44, era completamente surdo, mas compôs suas maiores obras neste período. Para ouvir cortava as pernas do piano e encostava a cabeça no chão para sentir as vibrações."", ""titulo"": ""Compositor Surdo"", ""imagem_url"": null}, {""texto"": ""A 9ª Sinfonia 1824 quebrou todas as convenções: 70 minutos de duração, 4 solistas vocais e coro inédito em sinfonia, e o Hino à Alegria de Schiller. Na estreia, Beethoven regia surdo enquanto o maestro real conduzia atrás dele."", ""titulo"": ""A 9ª Sinfonia Revolucionária"", ""imagem_url"": null}, {""texto"": ""Em 1802, desesperado com a surdez progressiva, Beethoven escreveu uma carta aos irmãos considerando o suicídio. Mas decidiu: A arte me reteve. Parecia impossível deixar o mundo antes de ter produzido tudo o que sentia que devia produzir."", ""titulo"": ""Testamento de Heiligenstadt"", ""imagem_url"": null}, {""texto"": ""Seu funeral em 1827 foi uma das maiores manifestações públicas já vistas em Viena. 20000 pessoas compareceram. Franz Schubert foi um dos portadores da tocha. Escolas fecharam em sua honra."", ""titulo"": ""Funeral Épico"", ""imagem_url"": null}]",https://upload.wikimedia.org/wikipedia/commons/6/6f/Beethoven.jpg,https://open.spotify.com/track/2Jt34NjVHGLfRCG8KjeUK5,5,"[""classico"",""romantico"",""sinfonia"",""surdo"",""heroico"",""revolucionario""]",true,2025-10-09 02:04:40.115836+00
3788e175-a745-4d5e-bf98-bd011644db39,Kōsaku Yamada,Yamada,1886-06-09,1965-12-29,Japão,,17bf83a0-e91e-4983-915f-51ace4da29ea,"Pioneiro da música sinfônica japonesa. Estudou em Berlim com Max Bruch. Fundou a primeira orquestra sinfônica profissional do Japão. Compôs óperas, sinfonias e canções.","Kōsaku Yamada foi o arquiteto da música orquestral japonesa moderna. Estudou composição em Berlim com Max Bruch e foi influenciado pelo romantismo alemão. Ao retornar ao Japão, fundou a primeira orquestra sinfônica profissional do país e compôs a primeira ópera japonesa em estilo ocidental. Sua obra ""Kurai Tobira"" (Porta Escura) tornou-se uma das canções mais amadas do Japão. Durante sua longa vida, foi mentor de toda uma geração de compositores japoneses.","[""Kurai Tobira (Porta Escura)"",""Nagauta Symphony""]","Sinfonia, Ópera, Lied",,"[{""texto"": ""Em Berlim, Yamada foi aluno de Max Bruch, compositor alemão famoso pelo Concerto para Violino nº 1. Essa formação europeia foi crucial para sua missão de criar música orquestral japonesa."", ""titulo"": ""Estudou com Max Bruch""}, {""texto"": ""Yamada não apenas compôs, mas construiu a infraestrutura musical do Japão moderno, fundando orquestras e instituições de ensino musical."", ""titulo"": ""Fundador de orquestras""}]",,,5,,true,2025-12-14 20:49:33.510717+00
397a64ad-cf05-411e-b00b-6ba14db292a4,Giacomo Antonio Domenico Michele Secondo Maria Puccini,Puccini,1858-12-29,1924-11-29,Itália,Lucca,e8ce8fcc-5d20-4557-be06-c908b975e141,"Mestre da ópera verista. Criou as heroínas operísticas mais comoventes (Mimì, Tosca, Butterfly, Turandot)","Giacomo Puccini (1858-1924) foi o sucessor de Verdi como maior compositor de ópera italiana. Nasceu em dinastia de músicos de igreja em Lucca. Estudou no Conservatório de Milão. Primeira ópera de sucesso: Manon Lescaut (1893). Depois vieram 3 óperas supremas de um ato (Il Trittico, 1918) e especialmente: La Bohème (1896, vida boêmia em Paris, com soprano Mimì), Tosca (1900, drama político violento), Madama Butterfly (1904, gueixa japonesa abandonada), Turandot (1926, princesa chinesa gélida, inacabada - morreu de câncer de garganta antes de terminar, completada por Franco Alfano). Estilo: verismo (realismo), melodias inesquecíveis, orquestração refinada (influência de Wagner e Debussy), senso dramático aguçado, heroínas comoventes que morrem tragicamente. Árias famosas: Che gelida manina, O mio babbino caro, Nessun dorma, Vissi d'arte. Vida pessoal: escândalos, casos amorosos, paixão por carros e barcos. Morreu em Bruxelas durante tratamento de câncer aos 65 anos.","[""La Bohème (ópera)"",""Tosca (ópera)"",""Madama Butterfly (ópera)"",""Turandot (ópera, com ária Nessun dorma)"",""Gianni Schicchi (com ária O mio babbino caro)"",""Manon Lescaut (ópera)"",""La Rondine (ópera)"",""Il Trittico (3 óperas de um ato)"",""Le Villi (ópera)"",""Edgar (ópera)""]",Verismo operístico italiano,"[""Piano""]","[{""texto"": ""Morreu de câncer de garganta em 1924 antes de completar Turandot. Escreveu até morte de Liù. Na estreia (1926, La Scala), Toscanini parou regência no ponto onde Puccini parou, virou-se para público e disse: Aqui morreu o Mestre."", ""titulo"": ""Turandot inacabada"", ""categoria"": ""morte""}, {""texto"": ""Nessun dorma (de Turandot) tornou-se ária mais popular do mundo após Copa 1990 na Itália, cantada por Pavarotti como tema. Tocada em funerais, casamentos, eventos, comerciais."", ""titulo"": ""Nessun dorma - ária mais popular"", ""categoria"": ""obras""}]",https://upload.wikimedia.org/wikipedia/commons/thumb/4/42/Puccini.jpg/800px-Puccini.jpg,https://www.youtube.com/watch?v=cWc7vYjgnTs,4,"[""romantico"",""italiano"",""opera"",""verismo""]",true,2025-10-09 02:50:34.631005+00
3c106370-db4c-4b34-bfdf-2b995c954036,Gilberto Passos Gil Moreira,Gilberto Gil,1942-06-26,,Brasil,,480e5257-9aca-48e8-971f-f19794fc0dcf,"Cofundador da Tropicália. Mescla rock, reggae, baião e samba. Ex-Ministro da Cultura. Guitarrista virtuoso. Sua obra une tradição e experimentação. Ativista cultural e político.","Gilberto Gil é um dos maiores nomes da música brasileira. Nascido em Salvador, Bahia, foi cofundador do movimento Tropicália ao lado de Caetano Veloso. Mestre em mesclar estilos - do baião ao reggae, do samba ao rock - sua versatilidade musical é impressionante. Guitarrista virtuoso, foi um dos primeiros a usar guitarra elétrica na MPB. Preso e exilado pela ditadura (1969-72), voltou e continuou produzindo obras seminais. Foi Ministro da Cultura (2003-2008), onde defendeu cultura digital livre e software livre. ""Aquele Abraço"" virou hino do Rio. Sua música ""Toda Menina Baiana"" celebra a cultura afro-baiana. Continua em atividade, ícone da cultura brasileira.","[""Aquele Abraço"",""Toda Menina Baiana"",""Refazenda"",""Expresso 2222"",""Parabolicamará""]","Tropicália, MPB, Reggae, Afro-brasileiro",,"[{""texto"": ""Foi Ministro da Cultura do Brasil de 2003 a 2008, defendendo democratização cultural, pontos de cultura e cultura digital livre."", ""titulo"": ""Ministro da Cultura""}, {""texto"": ""Composta em 1969 antes do exílio forçado, a música despede-se do Brasil com ironia e afeto. Tornou-se hino carioca e é tocada em toda festa."", ""titulo"": ""Aquele Abraço""}]",,,5,,true,2025-12-14 20:49:33.510717+00
3c501d98-c0ca-4032-8d4c-4528c1c6a930,Antônio Carlos Gomes,Carlos Gomes,1836-07-11,1896-09-16,Brasil,,b0bef9be-0afc-4319-a8fe-a117f44e2dc9,"Primeiro compositor brasileiro de projeção internacional. Suas óperas, especialmente ""Il Guarany"", foram aclamadas na Europa. Levou temática brasileira para a ópera italiana.","Carlos Gomes nasceu em Campinas, São Paulo, filho de maestro. Estudou no Conservatório do Rio de Janeiro e, com bolsa de Dom Pedro II, foi para a Itália estudar no Conservatório de Milão. Sua ópera ""Il Guarany"" (1870), baseada no romance de José de Alencar, estreou no Teatro alla Scala com sucesso triunfal. Foi o primeiro compositor das Américas a ter uma ópera encenada no Scala. Suas óperas mesclam bel canto italiano com temáticas indigenistas e brasileiras. É patrono da cadeira nº 15 da Academia Brasileira de Música.","[""Il Guarany"",""Lo Schiavo"",""Fosca""]","Ópera, Música sacra",,"[{""texto"": ""Il Guarany foi aclamado no Teatro alla Scala de Milão em 1870. Para um brasileiro conquistar o templo da ópera italiana foi feito histórico sem precedentes."", ""titulo"": ""Sucesso no La Scala""}, {""texto"": ""O imperador Dom Pedro II financiou seus estudos na Itália e sempre apoiou sua carreira. Carlos Gomes ficou devastado com a Proclamação da República que exilou seu patrono."", ""titulo"": ""Protegido de D. Pedro II""}]",,,5,,true,2025-12-14 20:49:33.510717+00
4c5a9cfe-a040-4ee5-9dc9-a479a0bf8876,Giuseppe Fortunino Francesco Verdi,Verdi,1813-10-10,1901-01-27,Itália,Le Roncole,e8ce8fcc-5d20-4557-be06-c908b975e141,Mestre supremo da ópera italiana. Criador dos dramas líricos mais poderosos do século XIX,"Giuseppe Verdi (1813-1901) é o maior compositor de ópera italiana do século XIX e um dos maiores de todos os tempos. Nasceu em família camponesa pobre, estudou música com mecenato local. Primeira ópera, Oberto (1839), foi sucesso moderado em Milão. Após tragédia pessoal (morte da esposa e dois filhos em 1840), entrou em depressão mas retornou triunfalmente com Nabucco (1842), cujo coro Va, pensiero tornou-se hino não-oficial da unificação italiana. Período dos ""anos de galés"" (1843-1850): produziu óperas anualmente. Fase intermediária: Rigoletto (1851), Il Trovatore (1853), La Traviata (1853) - trilogia popular suprema. Fase tardia: óperas cada vez mais sofisticadas (Simon Boccanegra, La Forza del Destino, Don Carlos), culminando em obras-primas shakespearianas Otello (1887, aos 74 anos) e Falstaff (1893, aos 80, ópera cômica genial). Também Requiem (1874), dedicado a Manzoni, uma das maiores obras corais. Verdi foi símbolo do Risorgimento (unificação italiana): seu nome era grito político (Viva VERDI = Viva Vittorio Emanuele Re D'Italia). Eleito senador do Reino da Itália. Casou-se com soprano Giuseppina Strepponi. Últimos anos dedicou-se à filantropia (Casa di Riposo per Musicisti em Milão, casa de repouso para músicos). Morreu aos 87 anos; 300.000 pessoas no funeral.","[""Aida (ópera)"",""La Traviata (ópera)"",""Rigoletto (ópera)"",""Il Trovatore (ópera)"",""Nabucco (ópera, coro Va pensiero)"",""Otello (ópera)"",""Falstaff (ópera)"",""Requiem (Messa da Requiem)"",""Don Carlos (ópera)"",""Un Ballo in Maschera (ópera)""]",Ópera romântica italiana,[],"[{""texto"": ""Durante o Risorgimento (unificação italiana), manifestantes gritavam Viva VERDI como acrônimo político: Viva Vittorio Emanuele Re DItalia (Viva Vittorio Emanuel Rei da Itália). Verdi tornou-se símbolo nacional."", ""titulo"": ""VERDI = Viva Vittorio Emanuele"", ""categoria"": ""politica""}, {""texto"": ""Compôs Otello aos 74 anos e Falstaff aos 80 anos, suas duas obras-primas finais baseadas em Shakespeare. Mostrou que criatividade não tem idade - ambas são revolucionárias e moderníssimas."", ""titulo"": ""Otello aos 74 anos"", ""categoria"": ""genio""}, {""texto"": ""Quando morreu em 1901 aos 87 anos, cerca de 300.000 pessoas compareceram ao funeral em Milão. Arturo Toscanini regeu multidão cantando Va, pensiero. Foi enterrado na Casa di Riposo que ele próprio fundara."", ""titulo"": ""300.000 no funeral"", ""categoria"": ""legado""}]",https://upload.wikimedia.org/wikipedia/commons/thumb/8/8c/Giuseppe_Verdi_by_Giovanni_Boldini.jpg/800px-Giuseppe_Verdi_by_Giovanni_Boldini.jpg,https://www.youtube.com/watch?v=6FdQu18mkMg,5,"[""romantico"",""italiano"",""opera"",""bel_canto""]",true,2025-10-09 02:15:02.70535+00
60e9514d-57d1-4d87-860f-d1314507b8d0,Johann Strauss II,Rei da Valsa,1825-10-25,1899-06-03,Áustria,Viena,e8ce8fcc-5d20-4557-be06-c908b975e141,"O Rei da Valsa, criador das valsas vienenses mais famosas e operetas encantadoras","Johann Strauss II (1825-1899), conhecido como ""Rei da Valsa"", foi o mais famoso da dinastia Strauss. Filho de Johann Strauss I (também compositor), contra a vontade do pai estudou música secretamente e formou sua própria orquestra aos 19 anos, rivaliz ando com o pai. Tornou-se o compositor de música de dança mais popular da Europa. Compôs mais de 400 valsas, polcas e marchas, além de 16 operetas. Suas valsas elevaram a dança popular vienense a forma de arte sinfônica. A mais famosa, An der schönen blauen Donau (Danúbio Azul, 1867), tornou-se o hino não-oficial da Áustria. Suas operetas, especialmente Die Fledermaus (O Morcego, 1874), são pilares do repertório até hoje. Foi diretor musical de bailes da corte imperial de Viena e excursionou pela Europa e EUA. Brahms admirava profundamente sua música. Regeu no Jubileu da Rainha Vitória em Londres. Sua música simboliza a alegria e elegância da Viena imperial. Morreu aos 73 anos, com funeral de Estado.","[""An der schönen blauen Donau (Danúbio Azul) Op. 314"",""Opereta Die Fledermaus (O Morcego)"",""Kaiser-Walzer (Valsa do Imperador) Op. 437"",""Wiener Blut (Sangue Vienense) Op. 354"",""Tritsch-Tratsch-Polka Op. 214"",""Rosen aus dem Süden (Rosas do Sul) Op. 388"",""Frühlingsstimmen (Vozes da Primavera) Op. 410"",""Radetzky-Marsch (Marcha Radetzky) Op. 228"",""Geschichten aus dem Wienerwald (Histórias da Floresta Vienense) Op. 325""]","Valsa vienense, Opereta","[""Violino"",""Piano""]","[{""texto"": ""O pai Johann Strauss I não queria que o filho fosse músico. Johann II estudou violino secretamente e formou orquestra rival aos 19 anos. Após morte do pai (1849), uniu as duas orquestras e tornou-se o mais famoso."", ""titulo"": ""Rivalidade com o pai"", ""categoria"": ""familia""}, {""texto"": ""Johannes Brahms, compositor erudito seríssimo, adorava as valsas de Strauss. Certa vez escreveu os compassos iniciais do Danúbio Azul num leque de Strauss com a inscrição: Infelizmente não de Brahms."", ""titulo"": ""Brahms era fã"", ""categoria"": ""admiracao""}, {""texto"": ""Em 1872, regeu em Boston (EUA) um concerto monstro com 100.000 pessoas no público, 20.000 coristas e 1.000 instrumentistas. Usou 100 sub-regentes. Foi um dos maiores concertos da história."", ""titulo"": ""Concerto para 100.000 pessoas em Boston"", ""categoria"": ""turnê""}]",https://upload.wikimedia.org/wikipedia/commons/thumb/a/a6/Johann_Strauss_II_by_August_Eisenmenger.jpg/800px-Johann_Strauss_II_by_August_Eisenmenger.jpg,https://www.youtube.com/watch?v=_6fAJa3oVh0,5,"[""romantico"",""valsa"",""viena"",""opereta"",""danca""]",true,2025-10-09 02:04:40.115836+00
66697bd8-3ad7-4e00-82ef-4b35686d41b5,Alfredo da Rocha Viana Filho,Pixinguinha,1897-04-23,1973-02-17,Brasil,,058f61ff-806e-4179-8c5b-2cd597b36d76,Gênio do choro e um dos maiores músicos brasileiros. Flautista e saxofonista virtuoso. Suas composições e arranjos definiram a estrutura do choro moderno. Revolucionou a música instrumental brasileira.,"Pixinguinha é considerado um dos maiores músicos da história do Brasil. Nascido no bairro de Piedade, Rio de Janeiro, filho de músico, aos 14 anos já era flautista profissional. Revolucionou o choro com suas composições sofisticadas e arranjos inovadores. ""Carinhoso"" é uma das músicas mais gravadas da história brasileira. Viajou a Paris com o grupo Os Oito Batutas em 1922, levando música brasileira à Europa. Como arranjador da Rádio Nacional, orquestrou centenas de músicas. Seu estilo único combinou o choro tradicional com influências do jazz, criando a sonoridade que define a música brasileira instrumental.","[""Carinhoso"",""Lamentos"",""Um a Zero"",""Rosa""]","Choro, Samba, Maxixe",,"[{""texto"": ""Em 1922, levou o grupo Os Oito Batutas para tocar em Paris, apresentando choro e samba para a Europa pela primeira vez, seis meses antes da Semana de Arte Moderna."", ""titulo"": ""Os Oito Batutas em Paris""}, {""texto"": ""Orquestrou centenas de sambas e marchinhas para a Rádio Nacional, criando a sonoridade característica da Era de Ouro da música brasileira."", ""titulo"": ""Arranjador da Rádio Nacional""}]",,,5,,true,2025-12-14 20:49:33.510717+00
6aae14ae-1c25-47ed-80d5-8112a9674d2f,Aaron Copland,,1900-11-14,1990-12-02,Estados Unidos,"Brooklyn, Nova York",a8106bcd-4791-46f4-b502-bda5fe19c041,"Criou o som da América: música erudita com espírito do Velho Oeste, jazz e folclore dos EUA","Aaron Copland (1900-1990) é o compositor americano mais importante do século XX, criando som distintamente americano. Filho de imigrantes judeus russos no Brooklyn. Estudou com Nadia Boulanger em Paris (1921-1924). Inicialmente modernista (influência de Stravinsky), depois adotou estilo mais acessível (populismo). Obras principais: balés Appalachian Spring (1944, Prêmio Pulitzer, tema Shaker Simple Gifts), Billy the Kid (1938, faroeste), Rodeo (1942, rodeio, Hoe-Down famoso), Fanfare for the Common Man (1942, 2ª Guerra), sinfonia Sinfonia nº 3 (incorpora Fanfare), Concerto para Clarinete (para Benny Goodman, fusão com jazz), música de câmara, canções. Estilo: harmonias abertas (quartas e quintas), melodias simples folclóricas, ritmos de dança americana, orquestração clara. Também compositor de cinema (Of Mice and Men, The Heiress - Oscar). Professor influente, escritor sobre música. Abertamente homossexual em época repressiva. Viveu 90 anos.","[""Appalachian Spring (balé)"",""Fanfare for the Common Man"",""Rodeo (balé, com Hoe-Down)"",""Billy the Kid (balé)"",""Sinfonia nº 3"",""Concerto para Clarinete"",""El Salón México"",""Quiet City"",""Lincoln Portrait"",""Piano Variations""]","Americanismo, modernismo acessível","[""Piano""]","[{""texto"": ""Copland criou o som da América erudita: espaços abertos do Velho Oeste, harmonias quartas/quintas, melodias folclóricas simples. Suas obras são trilha sonora do espírito americano."", ""titulo"": ""Som da América"", ""categoria"": ""estilo""}, {""texto"": ""Appalachian Spring (pioneiros Shakers), Billy the Kid (faroeste), Rodeo (rodeio) capturaram mitologia americana. Hoe-Down de Rodeo é usado em comerciais, filmes como símbolo dos EUA."", ""titulo"": ""Balés definem América"", ""categoria"": ""obras""}]",https://upload.wikimedia.org/wikipedia/commons/thumb/1/14/Aaron_Copland_1970.JPG/800px-Aaron_Copland_1970.JPG,https://www.youtube.com/watch?v=z_6G2r5j8Tc,4,"[""modernismo"",""americano"",""bale"",""folclorico""]",true,2025-10-09 02:50:34.631005+00
6ab9f4fb-93a2-441a-a97f-ee974eef8838,Franz Joseph Haydn,Papa Haydn,1732-03-31,1809-05-31,Áustria,Rohrau,f8ed8ab3-ef44-47e5-8a3f-80b4dd60f89a,Pai da Sinfonia e do Quarteto de Cordas. Estabeleceu as formas clássicas que Mozart e Beethoven seguiram,"Joseph Haydn (1732-1809) estabeleceu as formas da sinfonia e quarteto de cordas clássicos. Nasceu em família modesta, menino soprano na Catedral de Viena. Aos 29 anos, entrou ao serviço dos Príncipes Esterházy (1761-1790), uma das famílias mais ricas da Europa, onde teve orquestra à disposição por 30 anos para experimentar. Compôs 104 sinfonias, 68 quartetos de cordas, concertos, óperas, missas. Estabeleceu a forma sonata de 4 movimentos, desenvolveu minueto e scherzo. Foi mentor de Mozart (amizade mútua admiração) e professor de Beethoven. Visitou Londres duas vezes (1791-1792, 1794-1795), onde escreveu 12 Sinfonias de Londres (últimas e melhores). Morreu em Viena durante bombardeio napoleônico aos 77 anos. Apelidado Papa Haydn pela bondade paternal.","[""Sinfonia nº 94 Surpresa"",""Sinfonia nº 101 O Relógio"",""Sinfonia nº 45 Despedida"",""Quarteto de Cordas Op. 76 nº 3 Imperador"",""A Criação (oratório)"",""As Estações (oratório)"",""Concerto para Trompete em Mi bemol"",""Concerto para Violoncelo em Dó maior"",""Quarteto de Cordas Op. 20"",""Quarteto de Cordas Op. 33""]",Classicismo vienense,"[""Piano"",""Violino""]","[{""texto"": ""Serviu Príncipes Esterházy por 30 anos em Eszterháza (palácio isolado). Tinha orquestra própria para experimentar. Dizia: Fui forçado a ser original pois estava isolado do mundo."", ""titulo"": ""30 anos a serviço dos Esterházy"", ""categoria"": ""carreira""}, {""texto"": ""Mozart (24 anos mais novo) e Haydn tinham admiração mútua. Mozart dedicou 6 quartetos (Haydn Quartets) a ele. Haydn disse ao pai de Mozart: Seu filho é o maior compositor que conheço."", ""titulo"": ""Amizade com Mozart"", ""categoria"": ""relacoes""}]",https://upload.wikimedia.org/wikipedia/commons/thumb/0/05/Joseph_Haydn.jpg/800px-Joseph_Haydn.jpg,https://www.youtube.com/watch?v=VOLy6JxEDLw,4,"[""classico"",""sinfonia"",""quarteto"",""pai_sinfonia""]",true,2025-10-09 02:50:34.631005+00
6bdf2c72-6099-4fc5-9294-a887f79ac000,Ryuichi Sakamoto,Sakamoto,1952-01-17,2023-03-28,Japão,,bf731274-4647-4e61-aa72-2ac8a0b3944c,"Músico visionário. Pioneiro da música eletrônica com Yellow Magic Orchestra. Oscar por trilha de ""O Último Imperador"". Ativista ambiental. Mesclou eletrônica, clássico e experimental.","Ryuichi Sakamoto foi um dos músicos mais influentes e inovadores do Japão. Começou como pioneiro da música eletrônica nos anos 1970 com o Yellow Magic Orchestra, que influenciou techno, hip-hop e música eletrônica mundial. Venceu o Oscar de Melhor Trilha Sonora por ""O Último Imperador"" (1987). Sua carreira solo explorou fusões únicas de eletrônica, música clássica contemporânea e sons ambientais. Ativista anti-nuclear após Fukushima, usou sua música para causas humanitárias. Continuou criando até sua morte em 2023, deixando legado imenso.","[""Merry Christmas Mr. Lawrence"",""Energy Flow"",""Async""]","Música eletrônica, Avant-garde, Trilhas sonoras",,"[{""texto"": ""Nos anos 1970-80, YMO foi pioneiro absoluto da música eletrônica, influenciando Kraftwerk, hip-hop e techno. Foram os primeiros a usar sintetizadores e samplers de forma criativa."", ""titulo"": ""Yellow Magic Orchestra""}, {""texto"": ""Ganhou Oscar por \""O Último Imperador\"" e usou sua fama para ativismo ambiental e anti-nuclear, especialmente após o desastre de Fukushima."", ""titulo"": ""Oscar e ativismo""}]",,,5,,true,2025-12-14 20:49:33.510717+00
83c61d11-1558-4af3-b50d-4bc83f83a934,Yatsuhashi Kengyō,Yatsuhashi,1614-01-01,1685-01-01,Japão,,8c167784-6592-4f6f-bb74-422c863439ec,"Considerado fundador da escola de koto moderna. Revolucionou a técnica e composição para koto, criando o estilo danmono e adaptando músicas populares.","Yatsuhashi Kengyō nasceu em Kyoto durante o início do período Edo. Cego desde a infância, dedicou-se completamente à música do koto. Revolucionou o instrumento ao criar o estilo danmono (composições em seções) e ao adaptar músicas populares para koto solo, antes tocado apenas como acompanhamento. Suas inovações permitiram que o koto se tornasse um instrumento de concerto. Fundou a escola Yatsuhashi de koto, que influencia músicos até hoje.","[""Rokudan no Shirabe"",""Midare""]","Música de corte japonesa, Koto clássico",,"[{""texto"": ""Antes de Yatsuhashi, o koto tinha principalmente papel de acompanhamento. Ele desenvolveu técnicas que permitiram ao instrumento de 13 cordas contar histórias musicais complexas sozinho."", ""titulo"": ""O koto de 13 cordas""}, {""texto"": ""Como muitos músicos japoneses da época, Yatsuhashi era cego. A tradição de músicos cegos (mōsō) era respeitada no Japão, e muitos dos maiores mestres de koto eram cegos."", ""titulo"": ""Cegueira e genialidade""}]",,,5,,true,2025-12-14 20:49:33.510717+00
83e3fcb3-ef41-434e-96f3-179028ff2957,Mamoru Fujisawa,Joe Hisaishi,1950-12-06,,Japão,,bf731274-4647-4e61-aa72-2ac8a0b3944c,Compositor das trilhas dos filmes de Hayao Miyazaki (Studio Ghibli). Suas melodias emocionantes definem a sonoridade dos animes japoneses. Minimalismo orquestral com toques japoneses.,"Joe Hisaishi (nome artístico de Mamoru Fujisawa) é o compositor por trás da magia sonora do Studio Ghibli. Sua parceria com Hayao Miyazaki produziu algumas das trilhas de anime mais amadas: ""Meu Amigo Totoro"", ""A Viagem de Chihiro"", ""O Castelo Animado"", ""Princesa Mononoke"". Seu estilo combina minimalismo inspirado em Philip Glass com melodias profundamente emotivas e toques da música tradicional japonesa. Suas trilhas não apenas acompanham os filmes - elas contam histórias paralelas que capturam a essência mágica dos mundos de Miyazaki.","[""Tonari no Totoro Theme"",""One Summer's Day (A Viagem de Chihiro)"",""The Wind Forest""]","Trilhas sonoras, Orquestral, Minimalismo",,"[{""texto"": ""Hisaishi e Miyazaki têm uma das parcerias mais icônicas da história do cinema. Hisaishi compôs para praticamente todos os filmes de Miyazaki desde Nausicaä."", ""titulo"": ""Parceria com Miyazaki""}, {""texto"": ""Começou carreira compondo música minimalista influenciada por Philip Glass e Steve Reich, antes de se tornar o compositor definitivo do anime."", ""titulo"": ""Influência de Philip Glass""}]",,,5,,true,2025-12-14 20:49:33.510717+00
85e30fba-02f7-4cf9-af4b-d2cf3389a1b9,Robert Alexander Schumann,,1810-06-08,1856-07-29,Alemanha,Zwickau,e8ce8fcc-5d20-4557-be06-c908b975e141,"Poeta do piano romântico, crítico musical visionário e mestre do Lied. Vida trágica de genialidade e loucura","Robert Schumann (1810-1856) é um dos compositores mais românticos e literários. Inicialmente estudou direito mas dedicou-se à música. Tentou carreira de virtuose do piano mas lesionou mão permanentemente (aparelho de fortalecimento de dedos). Voltou-se para composição e crítica musical, fundando Neue Zeitschrift für Musik (1834), revista onde defendeu jovens talentos (Chopin, Brahms) e atacou filisteus. Apaixonou-se por Clara Wieck (filha de seu professor), mas o pai dela opôs-se violentamente. Só conseguiram casar após processo judicial (1840). Clara tornou-se pianista mais famosa da Europa, interpretando obras de Robert. Fases criativas: anos 1830s (piano: Carnaval, Estudos Sinfônicos, Cenas Infantis, Kreisleriana), 1840 (ano das canções: 140 Lieder, incluindo Dichterliebe, Frauenliebe und Leben), 1841 (sinfonias), 1842 (câmara), 1843 (oratórios). 4 sinfonias, Concerto para Piano (dedicado a Clara), música de câmara. Sofria de transtorno mental progressivo (possivelmente bipolar + sífilis + depressão). Tentou suicídio em 1854 atirando-se no Reno e foi resgatado. Internado voluntariamente em asilo (Endenich), onde morreu aos 46 anos. Clara dedicou resto da vida (40 anos) a promover sua música. Brahms era amigo íntimo do casal.","[""Carnaval Op. 9 (piano)"",""Dichterliebe (Amor de Poeta, ciclo de 16 Lieder)"",""Cenas Infantis Op. 15 (Kinderszenen, com Träumerei)"",""Concerto para Piano em Lá menor Op. 54"",""Sinfonia nº 1 Primavera"",""Kreisleriana Op. 16 (piano)"",""Estudos Sinfônicos Op. 13"",""Frauenliebe und Leben (Amor e Vida de Mulher, ciclo)"",""Fantasiestücke (Peças Fantásticas)"",""Quinteto para Piano Op. 44""]",Romantismo alemão,"[""Piano""]","[{""texto"": ""Usou aparelho mecânico para fortalecer dedos mas lesionou a mão permanentemente. Fim do sonho de virtuose, mas nascimento de compositor genial."", ""titulo"": ""Lesão na mão acabou carreira de virtuose"", ""categoria"": ""tragedia""}, {""texto"": ""O pai de Clara Wieck opôs-se ferozmente ao casamento. Schumann processou-o judicialmente. Só em 1840 puderam se casar. Clara tornou-se sua grande intérprete."", ""titulo"": ""Batalha judicial para casar com Clara"", ""categoria"": ""amor""}, {""texto"": ""Em 1854, em surto psicótico, atirou-se no Rio Reno. Foi internado voluntariamente em asilo, onde morreu 2 anos depois aos 46 anos."", ""titulo"": ""Suicídio no Reno e morte em asilo"", ""categoria"": ""morte""}]",https://upload.wikimedia.org/wikipedia/commons/thumb/6/68/Robert_Schumann_1850.jpg/800px-Robert_Schumann_1850.jpg,https://www.youtube.com/watch?v=6z82w0l6kwE,5,"[""romantico"",""alemao"",""piano"",""lied"",""critico""]",true,2025-10-09 02:22:14.349741+00
86b7ff25-1dbb-4827-b29c-3b7d3a4b8709,Antônio Carlos Brasileiro de Almeida Jobim,Tom Jobim,1927-01-25,1994-12-08,Brasil,,798ce272-a0af-40a3-97c5-11b83fe0addb,"Maior compositor brasileiro. Criador da bossa nova com João Gilberto. Suas canções são standards mundiais do jazz. ""Garota de Ipanema"" é a segunda música mais gravada da história.","Tom Jobim é o compositor brasileiro mais importante de todos os tempos. Pianista, compositor e arranjador, criou a bossa nova ao lado de João Gilberto e Vinicius de Moraes no final dos anos 1950. ""Garota de Ipanema"", composta com Vinicius, é a segunda música mais gravada da história (depois de Yesterday dos Beatles). Suas composições são standards do jazz mundial, gravadas por Frank Sinatra, Ella Fitzgerald, Stan Getz e inúmeros outros. Mestre das harmonias sofisticadas, influenciado por Debussy e Villa-Lobos, criou um idioma musical único que definiu o Brasil para o mundo. O Aeroporto Internacional do Rio de Janeiro leva seu nome.","[""Garota de Ipanema"",""Chega de Saudade"",""Águas de Março"",""Desafinado"",""Wave""]","Bossa Nova, MPB, Jazz brasileiro",,"[{""texto"": ""Segunda música mais gravada da história mundial, atrás apenas de Yesterday dos Beatles. Já foram registradas mais de 3000 versões em dezenas de idiomas."", ""titulo"": ""Garota de Ipanema""}, {""texto"": ""Tom Jobim estudou profundamente Debussy e Villa-Lobos, trazendo harmonias impressionistas francesas para o ritmo do samba, criando a sofisticação única da bossa nova."", ""titulo"": ""Harmonias de Debussy no samba""}]",,,5,,true,2025-12-14 20:49:33.510717+00
8ac10d5e-503e-4a46-a976-f79e987686f3,Francisca Edwiges Neves Gonzaga,Chiquinha Gonzaga,1847-10-17,1935-02-28,Brasil,,b0bef9be-0afc-4319-a8fe-a117f44e2dc9,"Primeira compositora popular brasileira de destaque. Pioneira em direitos autorais. Compôs mais de 2000 obras, incluindo a primeira marchinha de carnaval. Ativista abolicionista.","Chiquinha Gonzaga foi revolucionária em todos os sentidos. Em uma época em que mulheres não tinham direitos, divorciou-se, perdeu a guarda dos filhos e tornou-se pianeira profissional. Compôs ""Ó Abre Alas"" (1899), a primeira marchinha de carnaval do Brasil. Foi abolicionista e republicana fervorosa. Fundou a Sociedade Brasileira de Autores Teatrais (SBAT), lutando pelos direitos autorais dos compositores. Compôs mais de 2000 músicas, incluindo operetas, maxixes, valsas e choros. Tocou piano até os 87 anos, sendo uma das artistas mais longevas e produtivas do Brasil.","[""Ó Abre Alas"",""Forrobodó"",""Corta-Jaca""]","Choro, Maxixe, Marchinha",,"[{""texto"": ""Em uma época dominada por homens, Chiquinha quebrou todas as barreiras: divorciou-se, perdeu os filhos, e tornou-se pianeira profissional, algo escandaloso para a sociedade imperial."", ""titulo"": ""Primeira compositora brasileira""}, {""texto"": ""Fundou a Sociedade Brasileira de Autores Teatrais (1917), primeira organização de direitos autorais do Brasil, garantindo que compositores fossem pagos por suas obras."", ""titulo"": ""Criadora de SBAT""}]",,,5,,true,2025-12-14 20:49:33.510717+00
8d121f8d-363a-4825-9eca-d62553d1ea53,Johann Sebastian Bach,J.S. Bach,1685-03-21,1750-07-28,Alemanha,Eisenach,d8c30e03-788e-4a90-970c-7585963b3949,"Mestre supremo do contraponto e da fuga, organista virtuoso considerado o maior compositor de todos os tempos","Johann Sebastian Bach nasceu em Eisenach em 1685, em uma família de músicos. Ficou órfão aos 10 anos e foi criado pelo irmão mais velho. Trabalhou como organista em várias igrejas e capelas, incluindo a Thomaskirche em Leipzig, onde passou seus últimos 27 anos. Casou-se duas vezes e teve 20 filhos, dos quais 4 se tornaram compositores importantes. Bach dominou todos os gêneros musicais de sua época, exceto ópera. Sua obra representa o ápice do Barroco alemão, unindo profunda espiritualidade luterana com maestria técnica insuperável. Apesar de ter caído no esquecimento após sua morte, foi redescoberto por Mendelssohn no século XIX e hoje é reconhecido como um dos maiores gênios da música ocidental. Sua influência se estende de Mozart e Beethoven até o jazz e a música contemporânea.","[""O Cravo Bem Temperado (48 prelúdios e fugas, BWV 846-893)"",""Concertos de Brandemburgo (6 concertos, BWV 1046-1051)"",""Missa em Si menor (BWV 232)"",""Paixão segundo São Mateus (BWV 244)"",""Paixão segundo São João (BWV 245)"",""Tocata e Fuga em Ré menor (BWV 565)"",""Variações Goldberg (BWV 988)"",""Suites para violoncelo solo (BWV 1007-1012)"",""Arte da Fuga (BWV 1080)"",""Oratório de Natal (BWV 248)"",""Oferenda Musical (BWV 1079)""]",Barroco tardio alemão,"[""Órgão"",""Cravo"",""Violino"",""Viola""]","[{""texto"": ""Bach compôs 48 prelúdios e fugas em todas as 24 tonalidades maiores e menores para demonstrar as vantagens do temperamento igual, revolucionando a afinação dos teclados."", ""titulo"": ""O Cravo Bem Temperado"", ""imagem_url"": null}, {""texto"": ""A família Bach produziu mais de 50 músicos notáveis ao longo de 7 gerações. Quatro de seus filhos - Wilhelm Friedemann, Carl Philipp Emanuel, Johann Christoph Friedrich e Johann Christian - tornaram-se compositores famosos."", ""titulo"": ""Família Musical"", ""imagem_url"": null}, {""texto"": ""Bach era fã de café e escreveu a Cantata do Café BWV 211, uma obra cômica sobre o vício em café de uma jovem. Leipzig tinha diversos cafés onde Bach apresentava suas cantatas seculares."", ""titulo"": ""Cafeína e Composição"", ""imagem_url"": null}, {""texto"": ""A Arte da Fuga, sua última obra incompleta, explora todas as possibilidades contrapontísticas de um único tema. A obra termina abruptamente quando Bach, já cego, ditou os últimos compassos antes de morrer."", ""titulo"": ""Mestre da Fuga"", ""imagem_url"": null}]",https://upload.wikimedia.org/wikipedia/commons/6/6a/Johann_Sebastian_Bach.jpg,https://open.spotify.com/track/7FXj4iE4nWKZR1bJXUd5SU,5,"[""barroco"",""contraponto"",""fuga"",""orgao"",""alemao"",""sacro"",""luterano"",""bwv""]",true,2025-10-09 02:04:40.115836+00
9148c439-1fbe-45d0-beed-56e97f6cf026,Wolfgang Amadeus Mozart,W.A. Mozart,1756-01-27,1791-12-05,Áustria,Salzburgo,f8ed8ab3-ef44-47e5-8a3f-80b4dd60f89a,"Gênio precoce que dominou todos os gêneros musicais, criando obras de perfeição formal e beleza melódica incomparáveis","Wolfgang Amadeus Mozart nasceu em Salzburgo em 1756. Prodígio musical incomparável, compunha desde os 5 anos e aos 6 já excursionava pelas cortes europeias com sua irmã Nannerl. Seu pai Leopold, também compositor, educou-o rigorosamente. Mozart dominou todos os gêneros: 41 sinfonias, 27 concertos para piano, 23 óperas, música sacra, quartetos de cordas e sonatas. Sua capacidade de memorização era lendária - copiou de memória o Miserere de Allegri após uma única audição. Em 1781, rompeu com o Arcebispo de Salzburgo e tornou-se músico freelancer em Viena, uma decisão ousada para a época. Casou-se com Constanze Weber em 1782. Apesar do sucesso artístico, enfrentou dificuldades financeiras e morreu prematuramente aos 35 anos, deixando o Réquiem inacabado. Sua música une perfeição formal com profunda expressividade emocional.","[""Réquiem em Ré menor (K. 626)"",""Sinfonia nº 40 em Sol menor (K. 550)"",""Sinfonia nº 41 Júpiter (K. 551)"",""Concerto para Piano nº 21 em Dó maior (K. 467)"",""Concerto para Piano nº 23 em Lá maior (K. 488)"",""As Bodas de Fígaro (ópera, K. 492)"",""Don Giovanni (ópera, K. 527)"",""A Flauta Mágica (ópera, K. 620)"",""Sonata para Piano nº 11 em Lá maior (marcha turca, K. 331)"",""Pequena Serenata Noturna (K. 525)"",""Quinteto para Clarinete em Lá maior (K. 581)""]",Classicismo vienense,"[""Piano"",""Violino"",""Viola"",""Cravo""]","[{""texto"": ""Mozart compôs sua primeira sinfonia aos 8 anos. Aos 14, escreveu a ópera Mitridate Re di Ponto com 22 árias complexas, executada 22 vezes consecutivas em Milão com enorme sucesso."", ""titulo"": ""O Prodígio de Salzburgo"", ""imagem_url"": null}, {""texto"": ""Após ouvir uma única vez o Miserere de Allegri no Vaticano - obra cuja cópia era proibida sob pena de excomunhão - Mozart transcreveu-a completamente de memória aos 14 anos."", ""titulo"": ""Memória Fotográfica Musical"", ""imagem_url"": null}, {""texto"": ""Mozart era maçom e sua última ópera A Flauta Mágica está repleta de simbolismo maçônico. O número 3 sagrado na maçonaria aparece repetidamente: 3 acordes de abertura, 3 meninos, 3 damas, 3 templos."", ""titulo"": ""A Flauta Mágica Maçônica"", ""imagem_url"": null}, {""texto"": ""Mozart morreu subitamente aos 35 anos. O diagnóstico mais aceito é febre reumática, mas teorias conspiratórias incluindo envenenamento por Salieri persistem. Foi enterrado em vala comum, costume da época."", ""titulo"": ""Morte Misteriosa"", ""imagem_url"": null}]",https://upload.wikimedia.org/wikipedia/commons/1/1e/Wolfgang-amadeus-mozart_1.jpg,https://open.spotify.com/track/4KnKN7dWdNJPIGGmqvtOaZ,5,"[""classico"",""piano"",""sinfonia"",""opera"",""viena"",""genio"",""prodigio""]",true,2025-10-09 02:04:40.115836+00
9beb6a1a-96e6-4434-9e29-dad1417dade2,Rentarō Taki,Taki,1879-11-24,1903-06-29,Japão,,17bf83a0-e91e-4983-915f-51ace4da29ea,"Primeiro compositor japonês a estudar música ocidental profissionalmente. Suas canções líricas mesclam sensibilidade japonesa com técnicas europeias. Morreu jovem, mas deixou legado importante.","Rentarō Taki foi pioneiro na fusão da música ocidental com a sensibilidade japonesa. Estudou no Conservatório de Música de Tóquio, onde aprendeu piano e composição ocidental. Suas composições, especialmente ""Kōjō no Tsuki"" (Lua sobre Castelo em Ruínas), tornaram-se parte do coração cultural japonês. Morreu tragicamente aos 23 anos de tuberculose, mas suas poucas obras criaram um modelo para gerações de compositores japoneses que buscavam unir duas tradições musicais.","[""Kōjō no Tsuki (Lua sobre castelo em ruínas)"",""Hana (Flores)""]","Lied japonês, Canção artística",,"[{""texto"": ""Taki morreu jovem de tuberculose, mas suas canções tornaram-se eternamente populares no Japão. Kōjō no Tsuki é ensinada em todas as escolas japonesas."", ""titulo"": ""Morreu aos 23 anos""}, {""texto"": ""Suas composições usam harmonia ocidental mas mantêm a alma melancólica das escalas pentatônicas japonesas, criando um estilo único que definiu a canção japonesa moderna."", ""titulo"": ""Ponte entre dois mundos""}]",,,4,,true,2025-12-14 20:49:33.510717+00
a3707aa4-7707-43de-bcd1-493e38f77dc6,Tōru Takemitsu,Takemitsu,1930-10-08,1996-02-20,Japão,,cb79f2bb-813a-485c-a6c8-2000fced9334,Compositor mais influente do Japão pós-guerra. Mesclou técnicas de vanguarda ocidental com estética japonesa. Compôs para filmes de Kurosawa e para principais orquestras mundiais.,"Tōru Takemitsu é considerado o maior compositor japonês do século XX. Autodidata, foi profundamente influenciado por Debussy e pela música concreta francesa, mas sempre manteve conexão profunda com a estética japonesa do ma (間 - espaço/silêncio). Suas obras como ""November Steps"" combinam orquestra ocidental com instrumentos tradicionais como biwa e shakuhachi. Compôs mais de 90 trilhas sonoras para cinema, incluindo filmes de Akira Kurosawa. Suas composições são tocadas pelas principais orquestras mundiais.","[""November Steps"",""Requiem for Strings"",""From Me Flows What You Call Time""]","Música contemporânea, Avant-garde, Trilhas sonoras",,"[{""texto"": ""Takemitsu incorporou o conceito japonês de ma - o espaço e silêncio significativo - em sua música. Para ele, o silêncio não era ausência, mas presença."", ""titulo"": ""O conceito de Ma (間)""}, {""texto"": ""Compôs música para filmes de Akira Kurosawa, incluindo \""Ran\"" e \""Kagemusha\"", levando a música japonesa contemporânea ao cinema mundial."", ""titulo"": ""Trilhas para Kurosawa""}]",,,5,,true,2025-12-14 20:49:33.510717+00
aa7603a5-6982-4a13-b7ae-002e2f0ce8e3,Caetano Emanuel Viana Teles Veloso,Caetano Veloso,1942-08-07,,Brasil,,480e5257-9aca-48e8-971f-f19794fc0dcf,"Líder do movimento Tropicália. Revolucionou a MPB misturando rock, baião, samba e vanguarda. Exilado pela ditadura. Sua obra questiona e reinventa continuamente a música brasileira.","Caetano Veloso é um dos artistas mais importantes da cultura brasileira. Nascido em Santo Amaro da Purificação, Bahia, foi líder do movimento Tropicália (1967-68), que revolucionou a música brasileira ao incorporar rock, guitarras elétricas, poesia concreta e antropofagia oswaldiana. ""Alegria, Alegria"" e ""Tropicália"" chocaram e renovaram a MPB. Preso e exilado pela ditadura militar (1969-72), viveu em Londres. Sua obra é marcada pela experimentação constante e reflexão sobre identidade brasileira. Além de músico, é ensaísta e pensador cultural. Influenciou gerações de artistas e continua produzindo aos 80 anos.","[""Tropicália"",""Alegria, Alegria"",""Sampa"",""O Quereres"",""Cucurrucucu Paloma""]","Tropicália, MPB, Rock, Experimental",,"[{""texto"": ""Em 1968, foi preso pela ditadura militar junto com Gilberto Gil. Depois de meses presos, foram exilados. Viveu em Londres de 1969 a 1972."", ""titulo"": ""Prisão e exílio""}, {""texto"": ""O movimento Tropicália retomou a ideia de antropofagia de Oswald de Andrade: devorar influências estrangeiras e recriá-las com identidade brasileira."", ""titulo"": ""Tropicália antropofágica""}]",,,5,,true,2025-12-14 20:49:33.510717+00
b42d30f0-d927-4ead-aee2-38b4800e79fc,Marcus Vinícius da Cruz e Mello Moraes,Vinicius de Moraes,1913-10-19,1980-07-09,Brasil,Rio de Janeiro,798ce272-a0af-40a3-97c5-11b83fe0addb,O poetinha da Bossa Nova. Diplomata-poeta que escreveu as letras mais belas da música brasileira,"Vinicius de Moraes (1913-1980), O Poetinha, foi poeta, dramaturgo, diplomata e letrista brasileiro. Formou-se em Direito, entrou no Itamaraty (diplomacia), serviu em Los Angeles, Paris, Montevidéu. Paralelamente, carreira literária: 9 livros de poesia, peças teatrais (Orfeu da Conceição, 1956, com Tom Jobim). Em 1958, com Jobim e João Gilberto, criou a Bossa Nova: fusão de samba, jazz, poesia. Parcerias principais: Tom Jobim (Garota de Ipanema, Chega de Saudade, Insensatez, Águas de Março), Baden Powell (Afro-sambas: Berimbau, Canto de Ossanha), Toquinho (Aquarela, Regra Três), Carlos Lyra. Letras poéticas sobre amor (especialmente feminino: Garota, Chega de Saudade, Se Todos Fossem Iguais a Você), natureza, Rio, existência. Foi casado 9 vezes (Eu sou um chato com as mulheres). Deixou diplomacia (1969) para dedicar-se à música. Shows com Toquinho (1970s) foram fenômeno. Morreu de edema pulmonar aos 66 anos. Legado: elevou letra de música popular a poesia sofisticada.","[""Garota de Ipanema (com Tom Jobim)"",""Chega de Saudade (com Tom Jobim)"",""Águas de Março (com Tom Jobim)"",""Berimbau (com Baden Powell)"",""Canto de Ossanha (com Baden Powell)"",""Aquarela (com Toquinho)"",""Insensatez (com Tom Jobim)"",""A Felicidade (com Tom Jobim)"",""Se Todos Fossem Iguais a Você"",""Samba da Benção (com Baden Powell)""]","Bossa Nova, MPB",[],"[{""texto"": ""Casou-se 9 vezes, dizendo: Sou um chato com as mulheres. Suas paixões e desilusões amorosas inspiraram letras inesquecíveis sobre amor, felicidade, saudade, mulheres."", ""titulo"": ""9 casamentos"", ""categoria"": ""vida_pessoal""}, {""texto"": ""Era diplomata de carreira (Itamaraty) mas em 1969, aos 56 anos, deixou diplomacia para dedicar-se integralmente à música. Shows com Toquinho nos anos 70 foram fenômeno nacional."", ""titulo"": ""Diplomata que virou músico"", ""categoria"": ""carreira""}]",https://upload.wikimedia.org/wikipedia/commons/thumb/a/a4/Vinicius_de_Moraes_1970.jpg/800px-Vinicius_de_Moraes_1970.jpg,https://www.youtube.com/watch?v=j8VPmtyaHwA,4,"[""bossa_nova"",""brasileiro"",""poeta"",""letrista"",""mpb""]",true,2025-10-09 02:50:34.631005+00
b75a281f-371d-418b-9b84-4095631e2524,Sergei Vasilyevich Rachmaninoff,Rachmaninoff,1873-04-01,1943-03-28,Rússia,Semyonovo,e8ce8fcc-5d20-4557-be06-c908b975e141,Último grande romântico. Pianista virtuoso com mãos enormes que criou concertos de dificuldade lendária,"Sergei Rachmaninoff (1873-1943) foi o último grande compositor romântico e um dos maiores pianistas da história. Estudou no Conservatório de Moscou, graduando-se com medalha de ouro. Primeira Sinfonia (1897) foi desastre (mal regida), causando depressão severa por 3 anos. Recuperou-se com hipnoterapia, compondo Concerto para Piano nº 2 (1901), sua obra mais popular. Tinha mãos enormes (podia alcançar 13 teclas, uma terça décima), permitindo acordes impossíveis. Após Revolução Russa (1917), exilou-se permanentemente, estabelecendo-se nos EUA (1918). Viveu de concertos como pianista virtuose. Principais obras: 4 concertos para piano (nº 2 e nº 3 supremos), Rapsódia sobre um Tema de Paganini (24 variações), 3 sinfonias, Vésperas (música sacra ortodoxa), Prelúdios. Estilo: melancolia russa, melodias extensas, harmonias ricas, virtuosismo pianístico extremo. Gravou extensivamente (78 RPM). Morreu de câncer aos 69 anos na Califórnia. Legado: ponte entre romantismo do século XIX e século XX.","[""Concerto para Piano nº 2 em Dó menor Op. 18"",""Concerto para Piano nº 3 em Ré menor Op. 30"",""Rapsódia sobre um Tema de Paganini Op. 43"",""Prelúdio em Dó sustenido menor Op. 3 nº 2"",""Vocalise Op. 34 nº 14"",""Sinfonia nº 2 em Mi menor Op. 27"",""Vésperas Op. 37"",""Sonata para Piano nº 2"",""Prelúdios Op. 23 (10 peças)"",""Momento Musical Op. 16""]",Romantismo tardio,"[""Piano""]","[{""texto"": ""Tinha mãos enormes que podiam alcançar 13 teclas (uma terça décima). Pessoa média alcança oitava (8 teclas). Isso permitia acordes impossíveis para outros pianistas, especialmente no Concerto nº 3."", ""titulo"": ""Mãos gigantescas"", ""categoria"": ""virtuose""}, {""texto"": ""Após fracasso da 1ª Sinfonia (1897), entrou em depressão por 3 anos, incapaz de compor. Curou-se com hipnoterapia do Dr. Nikolai Dahl, a quem dedicou o Concerto nº 2."", ""titulo"": ""Depressão curada por hipnose"", ""categoria"": ""saude""}]",https://upload.wikimedia.org/wikipedia/commons/thumb/b/be/Sergei_Rachmaninoff_cph.3a40575.jpg/800px-Sergei_Rachmaninoff_cph.3a40575.jpg,https://www.youtube.com/watch?v=rEGOihjqO9w,4,"[""romantico"",""russo"",""piano"",""virtuose"",""concerto""]",true,2025-10-09 02:50:34.631005+00
bb281b5c-b3c7-4494-aecb-c328ab88defe,Johannes Brahms,,1833-05-07,1897-04-03,Alemanha,Hamburgo,e8ce8fcc-5d20-4557-be06-c908b975e141,Mestre da forma clássica com alma romântica. Sucessor de Beethoven na tradição sinfônica alemã,"Johannes Brahms (1833-1897) representa a síntese perfeita entre forma clássica e expressão romântica. Nasceu em Hamburgo, filho de músico pobre. Aos 20 anos conheceu Robert Schumann, que proclamou Brahms como sucessor de Beethoven no artigo ""Novas Vias"" (1853). Após suicídio frustrado de Schumann (1854), Brahms apoiou Clara Schumann, desenvolvendo amor platônico eterno. Estabeleceu-se em Viena (1862), cidade de Beethoven. Compôs 4 sinfonias monumentais (1ª estreou quando tinha 43 anos, após 20 anos de trabalho), 2 concertos para piano, concerto para violino, Concerto Duplo, Requiem Alemão (1868, em vernáculo ao invés de latim), música de câmara suprema (quintetos, sextetos), variações pianísticas (sobre tema de Paganini, de Handel), mais de 200 lieder. Era perfeccionista extremo, destruindo muitas obras. Conservador na forma (manteve tonalidade, formas clássicas) mas inovador na elaboração temática e desenvolvimento motívico. Amizade com Clara Schumann durou 40 anos (nunca se casaram). Rivalidade musical com Wagner: Brahms representava tradição clássica ""absoluta"", Wagner a ópera e o ""futuro"". Apoiado por crítico Eduard Hanslick. Tinha barba característica. Morreu de câncer de fígado aos 63 anos. É o B do ""três Bs"" alemães (Bach, Beethoven, Brahms).","[""Sinfonia nº 1 em Dó menor Op. 68"",""Sinfonia nº 4 em Mi menor Op. 98"",""Requiem Alemão Op. 45"",""Concerto para Piano nº 2 em Si bemol maior Op. 83"",""Concerto para Violino em Ré maior Op. 77"",""Variações sobre um Tema de Haydn Op. 56a"",""Danças Húngaras (21 peças)"",""Quinteto para Clarinete em Si menor Op. 115"",""Canção de Ninar Op. 49 nº 4"",""Variações sobre um Tema de Paganini Op. 35""]",Romantismo conservador alemão,"[""Piano""]","[{""texto"": ""Levou mais de 20 anos para completar a Sinfonia nº 1, atormentado pela sombra de Beethoven. Quando finalmente estreou (1876), crítico Hans von Bülow chamou-a de A Décima Sinfonia de Beethoven."", ""titulo"": ""20 anos para completar 1ª sinfonia"", ""categoria"": ""perfeccionismo""}, {""texto"": ""Apaixonou-se por Clara Schumann (14 anos mais velha, casada com seu mentor Robert) quando tinha 20 anos. Após morte de Robert, permaneceram íntimos por 40 anos mas nunca casaram. Brahms nunca se casou."", ""titulo"": ""Amor eterno por Clara Schumann"", ""categoria"": ""vida_pessoal""}, {""texto"": ""Liderou facção conservadora contra os progressistas wagnerianos. Wagner representava música do futuro (ópera, leitmotiv), Brahms a música absoluta clássica (sinfonia, câmara). Debate dividiu Europa musical."", ""titulo"": ""Guerra Brahms vs Wagner"", ""categoria"": ""rivalidade""}]",https://upload.wikimedia.org/wikipedia/commons/thumb/6/6a/Johannes_Brahms_1889.jpg/800px-Johannes_Brahms_1889.jpg,https://www.youtube.com/watch?v=EQOJRloIdx4,5,"[""romantico"",""alemao"",""sinfonia"",""classico"",""conservador""]",true,2025-10-09 02:15:02.70535+00
bb314e0e-90fb-409e-a57a-b190e71fce7c,Antonio Lucio Vivaldi,Vivaldi,1678-03-04,1741-07-28,Itália,Veneza,d8c30e03-788e-4a90-970c-7585963b3949,"Compositor e violinista italiano. Conhecido como ""Il Prete Rosso"" (O Padre Ruivo), autor de As Quatro Estações.","Antonio Vivaldi foi um compositor e virtuoso violinista italiano do período Barroco. Nasceu em Veneza em 1678. Ordenado sacerdote católico, ficou conhecido como ""Il Prete Rosso"" devido aos seus cabelos ruivos. Trabalhou como professor de violino no Ospedale della Pietà, um orfanato para meninas. Compôs mais de 500 concertos, sendo As Quatro Estações sua obra mais famosa. Revolucionou o concerto barroco, estabelecendo a forma de três movimentos (rápido-lento-rápido). Sua música influenciou profundamente Bach, que transcreveu vários de seus concertos.","[""As Quatro Estações"",""Gloria em Ré maior"",""Concerto para Mandolim""]",Barroco Veneziano,"[""violino"",""cravo""]","{""fatos"": [{""texto"": ""Era sacerdote católico, mas raramente celebrava missa devido a problemas de saúde. Seus cabelos ruivos lhe renderam o apelido de Il Prete Rosso."", ""titulo"": ""O Padre Ruivo""}, {""texto"": ""Ensinou música para meninas órfãs em Veneza, criando uma das melhores orquestras femininas da Europa."", ""titulo"": ""Mestre das Meninas""}]}",,,5,"[""barroco"",""violino"",""concerto""]",true,2025-12-15 02:37:56.378902+00
c8821384-584a-4915-9655-1c710406201c,Gustav Mahler,,1860-07-07,1911-05-18,Império Austro-Húngaro (atual Tchéquia),Kaliště,e8ce8fcc-5d20-4557-be06-c908b975e141,Último grande sinfonista romântico. Sinfonias monumentais que abraçam todo universo de emoções humanas,"Gustav Mahler (1860-1911) foi o último grande sinfonista do romantismo e um dos maiores maestros de todos os tempos. Judeu nascido na Boêmia (Império Austro-Húngaro), estudou no Conservatório de Viena. Maestro da Ópera de Viena (1897-1907), depois em Nova York. Revolucionou regência com ensaios meticulosos. Como compositor, dedicou-se a sinfonias (9 completas + 10ª inacabada) e Lieder com orquestra (Das Lied von der Erde). Estilo: expansão extrema da tonalidade, longas melodias, contraponto complexo, citações e marchas. Vida pessoal trágica: perda da filha, casamento turbulento com Alma. Morte prematura aos 50 por endocardite. Redescoberto no século XX por Bernstein; hoje é onipresente nas salas de concerto.","[""Sinfonia nº 2 Ressurreição"",""Sinfonia nº 5 (Adagietto)"",""Das Lied von der Erde (A Canção da Terra)"",""Sinfonia nº 1 Titã"",""Kindertotenlieder (Canções sobre a Morte de Crianças)"",""Sinfonia nº 8 Sinfonia dos Mil"",""Sinfonia nº 9"",""Sinfonia nº 3"",""Sinfonia nº 4"",""Lieder eines fahrenden Gesellen""]","Romantismo tardio, pós-romantismo","[""Piano""]","[{""texto"": ""A Sinfonia nº 8 ganhou o apelido por requerer enormes forças: orquestra, dois coros, coro infantil e oito solistas."", ""titulo"": ""Sinfonia dos Mil"", ""categoria"": ""obra""}, {""texto"": ""Trabalhava como maestro o ano todo e compunha no verão em cabanas isoladas. Mesmo assim, criou um corpus monumental."", ""titulo"": ""Compositor no verão"", ""categoria"": ""processo""}, {""texto"": ""No século XX, Leonard Bernstein foi crucial para a difusão global de Mahler, gravando sinfonias e popularizando sua estética."", ""titulo"": ""Redescoberta por Bernstein"", ""categoria"": ""legado""}]",https://upload.wikimedia.org/wikipedia/commons/thumb/4/45/Gustav_Mahler_1909.jpg/800px-Gustav_Mahler_1909.jpg,https://www.youtube.com/watch?v=sHsFIv8VA7w,5,"[""romantico"",""pos_romantico"",""sinfonia"",""maestro"",""austria""]",true,2025-10-09 02:22:14.349741+00
d2489059-8725-4e79-a729-8b14002578c0,Dmitri Dmitriyevich Shostakovich,Shostakovich,1906-09-25,1975-08-09,Rússia/URSS,São Petersburgo,a8106bcd-4791-46f4-b502-bda5fe19c041,Sobreviveu a Stalin compondo sinfonias ambíguas que criticavam e elogiavam o regime simultaneamente,"Dmitri Shostakovich (1906-1975) foi o maior compositor soviético, vivendo sob tirania stalinista. Prodígio, graduou-se no Conservatório de Leningrado aos 19 anos com Sinfonia nº 1 (1925). Sucesso inicial com ópera Lady Macbeth do Distrito de Mtsensk (1934). Mas Stalin assistiu, ofendeu-se, e Pravda publicou artigo Caos ao Invés de Música (1936), denunciando Shostakovich. Passou a viver em terror constante de ser preso e executado (Grande Expurgo 1936-1938). Dormia vestido na escada, para não acordar família se polícia secreta viesse. Compôs 15 sinfonias, 15 quartetos de cordas, concertos, óperas, trilhas para cinema. Obras principais: Sinfonia nº 5 (1937, resposta a críticas, ambiguamente conformista), Sinfonia nº 7 Leningrado (1941, durante cerco nazista), Sinfonia nº 10 (1953, após morte de Stalin, retrato musical do tirano?), Quarteto nº 8 (autobiográfico, assinatura DSCH). Estilo: sarcasmo, ironia, grotesco, marches fúnebres, citações, ambiguidade (criticava regime codificadamente). Forçado a aderir ao Partido (1960), viveu atormentado. Morreu de câncer aos 68 anos. Testamento (livro) publicado no Ocidente é controverso (autenticidade disputada).","[""Sinfonia nº 5 em Ré menor Op. 47"",""Sinfonia nº 7 Leningrado Op. 60"",""Sinfonia nº 10 em Mi menor Op. 93"",""Quarteto de Cordas nº 8 em Dó menor Op. 110"",""Lady Macbeth do Distrito de Mtsensk (ópera)"",""Concerto para Piano nº 2"",""Jazz Suite nº 2"",""Prelúdios e Fugas Op. 87 (24 peças)"",""Concerto para Violoncelo nº 1"",""Sinfonia nº 13 Babi Yar""]",Modernismo soviético,"[""Piano""]","[{""texto"": ""Após Stalin assistir Lady Macbeth (1936) e se ofender, Pravda publicou Caos ao Invés de Música, denunciando-o. Shostakovich viveu em terror de prisão e execução durante Grande Expurgo. Dormia vestido na escada."", ""titulo"": ""Caos ao Invés de Música"", ""categoria"": ""perseguicao""}, {""texto"": ""Compôs Sinfonia nº 7 Leningrado (1941) durante cerco nazista de 900 dias. Tema da invasão (marcha crescente) representa nazismo OU stalinismo (ambiguidade intencional). Estreou em Leningrado sitiada."", ""titulo"": ""Sinfonia nº 7 durante cerco de Leningrado"", ""categoria"": ""guerra""}]",https://upload.wikimedia.org/wikipedia/commons/thumb/7/79/Shostakovich_signature.svg/800px-Shostakovich_signature.svg.png,https://www.youtube.com/watch?v=ogJFXqYEYd8,4,"[""modernismo"",""russo"",""sovietico"",""sinfonia"",""stalin""]",true,2025-10-09 02:50:34.631005+00
d5bdcd5d-27f2-4133-a511-097e3e0ea709,Franz Liszt,,1811-10-22,1886-07-31,Hungria,Raiding,e8ce8fcc-5d20-4557-be06-c908b975e141,Maior virtuose do piano de todos os tempos. Inventor do poema sinfônico e do recital solo moderno,"Franz Liszt (1811-1886) foi o maior virtuose do piano da história e figura central do romantismo. Criança prodígio húngara, estudou com Czerny (aluno de Beethoven) e Salieri em Viena. Aos 11 tocou para Beethoven. Carreira de pianista virtuose em Paris (1827-1847): mulheres desmaiavam em concertos (Lisztomania). Inventou o recital solo moderno. Técnica transcendental: oitavas, saltos, glissandi, tremolo. Escreveu música pianística de dificuldade inédita (Estudos Transcendentais, Paganini Etudes, Mazeppa). Relacionamento com Condessa Marie d'Agoult (3 filhos, incluindo Cosima que casou com Wagner) e depois com Princesa Carolyne zu Sayn-Wittgenstein. Em Weimar, promoveu música nova (Wagner, Berlioz), compôs poemas sinfônicos (inventou o termo e o gênero), 2 concertos para piano, Sonata em Si menor. Fase final: tornou-se Abade, viveu entre Roma, Weimar, Budapeste; deu aulas gratuitas. Obras tardias antecipam impressionismo e atonalidade (Bagatela sem Tonalidade, 1885). Morreu aos 74 anos em Bayreuth.","[""Sonata em Si menor (piano)"",""Concerto para Piano nº 1 em Mi bemol maior"",""Rapsódia Húngara nº 2"",""Estudos de Execução Transcendental"",""Poema Sinfônico Les Préludes"",""La Campanella (de Paganini Etudes)"",""Liebestraum nº 3 (Sonho de Amor)"",""Années de Pèlerinage (Anos de Peregrinação, 3 suítes)"",""Mephisto Waltz nº 1"",""Consolações""]",Romantismo virtuosístico,"[""Piano""]","[{""texto"": ""Nos anos 1840, concertos de Liszt causavam histeria: fãs colecionavam luvas e fios de cabelo; mulheres desmaiavam. Primeira superstar musical moderna."", ""titulo"": ""Lisztomania"", ""categoria"": ""fama""}, {""texto"": ""Em 1865 recebeu ordens menores na Igreja Católica, tornando-se Abade (Abbé Liszt), mas seguiu tocando e compondo."", ""titulo"": ""Abade virtuose"", ""categoria"": ""religiao""}, {""texto"": ""Deu aulas gratuitamente a centenas de alunos em Weimar. Formou gerações de pianistas."", ""titulo"": ""Professor generoso"", ""categoria"": ""ensino""}]",https://upload.wikimedia.org/wikipedia/commons/thumb/4/48/Franz_Liszt_1858.jpg/800px-Franz_Liszt_1858.jpg,https://www.youtube.com/watch?v=H1Dvg2MxQn8,5,"[""romantico"",""hungaro"",""virtuose"",""piano"",""poema_sinfonico""]",true,2025-10-09 02:22:14.349741+00
e23ae30f-1410-4610-b30f-8f12fc8e8bdd,Yoko Kanno,Kanno,1963-03-18,,Japão,,bf731274-4647-4e61-aa72-2ac8a0b3944c,"Compositora prolífica de trilhas sonoras para anime. Versatilidade impressionante: jazz, rock, eletrônica, orquestral. Conhecida por Cowboy Bebop, Ghost in the Shell e Macross Plus.","Yoko Kanno é uma das compositoras mais versáteis e respeitadas da música japonesa. Conhecida principalmente por suas trilhas sonoras de anime, domina praticamente todos os gêneros musicais: jazz fusion, rock, eletrônica, música clássica, folk, e muito mais. ""Tank!"", tema de abertura de Cowboy Bebop, é considerada uma das melhores músicas de anime de todos os tempos. Trabalha frequentemente com a banda The Seatbelts e já compôs para jogos, filmes live-action e comerciais. Sua habilidade de capturar a essência emocional de uma narrativa através da música é lendária.","[""Tank! (Cowboy Bebop)"",""Inner Universe (Ghost in the Shell)"",""Voices""]","Trilhas sonoras, Jazz fusion, J-Pop, Eletrônica",,"[{""texto"": ""Kanno pode compor big band jazz numa semana, música eletrônica experimental na seguinte, e uma balada orquestral depois. Sua versatilidade é incomparável."", ""titulo"": ""Mestre de todos os gêneros""}, {""texto"": ""Formou a banda The Seatbelts especificamente para Cowboy Bebop, reunindo músicos de jazz de elite do Japão para criar o som único da série."", ""titulo"": ""The Seatbelts""}]",,,5,,true,2025-12-14 20:49:33.510717+00
efa0d7ad-57ee-4d53-b74f-4aae46be0634,Pyotr Ilyich Tchaikovsky,Tchaikovsky,1840-05-07,1893-11-06,Rússia,Votkinsk,e8ce8fcc-5d20-4557-be06-c908b975e141,Mestre da orquestração e melodias inesquecíveis. Criador dos balés mais populares do mundo,"Pyotr Ilyich Tchaikovsky (1840-1893) é o compositor russo mais popular mundialmente. Inicialmente estudou direito, só aos 21 anos dedicou-se à música profissionalmente no recém-fundado Conservatório de São Petersburgo (Anton Rubinstein). Tornou-se professor no Conservatório de Moscou (1866). Sua música combina melodias intensamente líricas, orquestração brilhante e emocionalidade romântica extrema com maestria formal. Embora russo, não integrava o nacionalista Grupo dos Cinco (Balakirev, Mussorgsky, Rimsky-Korsakov, Borodin, Cui), sendo mais cosmopolita e ocidentalizado. Obras principais: 3 balés supremos (O Lago dos Cisnes 1876, A Bela Adormecida 1889, O Quebra-Nozes 1892 - os mais executados do mundo), 6 sinfonias (especialmente nº 6 Pathétique 1893), Concerto para Piano nº 1 (1875, um dos mais populares), Concerto para Violino (1878), óperas (Eugene Onegin 1879, A Dama de Espadas 1890), Abertura 1812 (com canhões!), Romeu e Julieta. Vida pessoal torturada: homossexualidade reprimida, casamento desastroso (1877, durou semanas), tentativa de suicídio. Mecenato de Nadezhda von Meck (14 anos de correspondência, nunca se encontraram pessoalmente). Morreu aos 53 anos, oficialmente de cólera (bebeu água não-fervida), mas teorias sugerem suicídio. Suas sinfonias e balés são pilares do repertório orquestral mundial.","[""O Quebra-Nozes (balé completo)"",""O Lago dos Cisnes (balé completo)"",""A Bela Adormecida (balé completo)"",""Sinfonia nº 6 em Si menor Pathétique Op. 74"",""Concerto para Piano nº 1 em Si bemol menor Op. 23"",""Concerto para Violino em Ré maior Op. 35"",""Abertura 1812 Op. 49"",""Romeu e Julieta (abertura-fantasia)"",""Ópera Eugene Onegin"",""Serenata para Cordas em Dó maior Op. 48""]",Romantismo russo,"[""Piano""]","[{""texto"": ""Foi sustentado por 14 anos pela viúva milionária Nadezhda von Meck. Trocaram mais de 1.200 cartas mas ela exigiu nunca se encontrarem pessoalmente. Quando ela encerrou o mecenato em 1890, Tchaikovsky ficou devastado."", ""titulo"": ""Mecenas invisível"", ""categoria"": ""vida_pessoal""}, {""texto"": ""O Lago dos Cisnes estreou em 1877 com coreografia fraca e foi considerado fracasso. Só após sua morte, com nova coreografia de Marius Petipa (1895), tornou-se o balé mais famoso do mundo."", ""titulo"": ""Balés rejeitados no início"", ""categoria"": ""obras""}, {""texto"": ""Morreu 9 dias após estreia da Sinfonia nº 6 Pathétique. Causa oficial: cólera (água contaminada). Teorias modernas sugerem suicídio forçado por corte de honra devido a escândalo homossexual, mas evidências são inconclusivas."", ""titulo"": ""Morte misteriosa"", ""categoria"": ""morte""}]",https://upload.wikimedia.org/wikipedia/commons/thumb/2/28/Tchaikovsky_by_Reutlinger.jpg/800px-Tchaikovsky_by_Reutlinger.jpg,https://www.youtube.com/watch?v=_Qz1_jJF6zQ,5,"[""romantico"",""russo"",""bale"",""sinfonia"",""orquestracao""]",true,2025-10-09 02:15:02.70535+00
faa61f81-2bdb-4a04-96fb-2fbbb259babf,Wilhelm Richard Wagner,Wagner,1813-05-22,1883-02-13,Alemanha,Leipzig,e8ce8fcc-5d20-4557-be06-c908b975e141,Revolucionou a ópera com o drama musical total (Gesamtkunstwerk) e o cromatismo extremo que levou à dissolução da tonalidade,"Richard Wagner (1813-1883) é a figura mais revolucionária e controversa da ópera. Desenvolveu o conceito de Gesamtkunstwerk (obra de arte total): fusão de música, drama, poesia, cenografia, filosofia. Criou o leitmotiv: motivos musicais recorrentes associados a personagens, objetos, ideias. Sua harmonia cromática extrema (especialmente no Tristão e Isolda, 1865, com o famoso ""acorde de Tristão"") suspende a tonalidade e pavimenta caminho para atonalidade do século XX. Obras principais são óperas monumentais: Der Ring des Nibelungen (O Anel do Nibelungo, 1876: tetralogia de 4 óperas, 15 horas totais), Tristan und Isolde, Die Meistersinger von Nürnberg, Parsifal. Construiu Festspielhaus em Bayreuth (1876), teatro especialmente desenhado para suas óperas (orquestra invisível, acústica perfeita). Vida pessoal escandalosa: múltiplos casamentos/amantes, incluindo Cosima (filha de Liszt, casada com maestro Hans von Bülow), dívidas enormes, exílios políticos, mecenato do Rei Ludwig II da Baviera (louco por Wagner). Escreveu seus próprios libretos. Antissemitismo virulento em ensaios (Das Judentum in der Musik) manchou legado; nazistas apropriaram-se de sua música. Apesar de controvérsias, revolucionou ópera e influenciou profundamente música, filosofia (Nietzsche foi amigo depois inimigo), literatura, cinema (John Williams usa técnicas wagnerianas em Star Wars).","[""Der Ring des Nibelungen (O Anel do Nibelungo - tetralogia: Das Rheingold, Die Walküre, Siegfried, Götterdämmerung)"",""Tristan und Isolde (Tristão e Isolda)"",""Die Meistersinger von Nürnberg (Os Mestres Cantores de Nuremberg)"",""Tannhäuser"",""Lohengrin"",""Parsifal"",""Der fliegende Holländer (O Holandês Voador)"",""Siegfried Idyll"",""Cavalgada das Valquírias (de Die Walküre)""]",Drama musical alemão,[],"[{""texto"": ""Rei Ludwig II da Baviera, obcecado por Wagner, pagou todas suas dívidas, financiou óperas e construiu Festspielhaus em Bayreuth. Ludwig gastou fortuna com Wagner, quase falindo a Baviera, e construiu castelos de conto de fadas (Neuschwanstein)."", ""titulo"": ""Rei louco da Baviera"", ""categoria"": ""mecenato""}, {""texto"": ""O acorde de Tristão (abertura de Tristão e Isolda, 1859) é considerado o momento que rompe com a tonalidade tradicional. Sua resolução ambígua suspende a sensação tonal, abrindo caminho para Schoenberg e a atonalidade."", ""titulo"": ""Tristão: início da música moderna"", ""categoria"": ""revolucao""}, {""texto"": ""Escreveu Das Judentum in der Musik (O Judaísmo na Música, 1850), panfleto antissemita virulento. Nazistas apropriaram-se de sua música; Hitler adorava Wagner. Por isso, até hoje suas óperas são raramente apresentadas em Israel."", ""titulo"": ""Antissemitismo e nazismo"", ""categoria"": ""controversia""}]",https://upload.wikimedia.org/wikipedia/commons/thumb/9/9d/RichardWagner.jpg/800px-RichardWagner.jpg,https://www.youtube.com/watch?v=GGU1P6lBW6Q,5,"[""romantico"",""alemao"",""opera"",""leitmotiv"",""cromatismo""]",true,2025-10-09 02:15:02.70535+00