id,nome,categoria,descricao,imagem_url,ativo,ordem_exibicao,criado_em,historia,origem,familia_instrumental,material_principal,tecnica_producao_som,dificuldade_aprendizado,anatomia_partes,curiosidades,created_at,updated_at,deleted_at
0b9c8c6b-0e47-471c-b83b-01c931410692,Bongôs,Percussão,"Par de pequenos tambores unidos, um agudo e um grave. Som seco e rápido, essencial na música latina.",https://images.unsplash.com/photo-1569173675173-ec69723149f3?w=1200&q=80,true,202,2025-10-27 13:30:13.154686,Originados da fusão de tradições africanas e espanholas em Cuba. Jack Costanzo os popularizou nos EUA nos anos 1950.,"Cuba, final do século XIX",Percussão de Mão,Madeira + pele,Percussão com os dedos,Iniciante,{},"[""Tocados tradicionalmente entre os joelhos"", ""O menor é chamado macho e o maior hembra"", ""Essenciais no son cubano""]",2025-12-16 00:04:52.501355+00,2025-12-16 00:04:52.501355+00,
0e52514e-58c3-463a-a6e4-f71a1439f9b7,Harmônica (Gaita),Sopro,"Pequeno instrumento de palhetas livres. Som do blues, country e rock. Bob Dylan a tornou icônica.",https://images.unsplash.com/photo-1591006509090-b43d9e1bcc36?w=1200&q=80,true,404,2025-10-27 13:32:39.156989,Little Walter revolucionou a harmônica amplificada no blues. Bob Dylan a usou extensivamente. Stevie Wonder é virtuose.,"Alemanha/Áustria, início século XIX",Aerofone de Palheta Livre,Metal + plástico,Sopro e aspiração em palhetas,Iniciante,{},"[""Bob Dylan a tornou símbolo do folk"", ""Little Walter criou o blues harp amplificado"", ""Stevie Wonder é virtuose da harmônica""]",2025-12-16 00:04:52.501355+00,2025-12-16 00:04:52.501355+00,
11a7bc0c-232f-40dc-92ac-4d15aebd2d52,Reco-Reco,Percussão,Instrumento de raspagem com ranhuras. Som característico do samba e choro.,https://images.unsplash.com/photo-1578516978406-a57e83b3b8fd?w=1200&q=80,true,305,2025-10-27 13:31:23.180063,"Usado no samba e choro. Pode ser de bambu, metal ou madeira entalhada.",Brasil,Percussão de Raspagem,Madeira ou metal,Raspagem com baqueta,Iniciante,{},"[""Também chamado de querequexé"", ""Pode ser feito de gomos de bambu"", ""Muito usado no samba de raiz""]",2025-12-16 00:04:52.501355+00,2025-12-16 00:04:52.501355+00,
13912e91-7b48-4a8d-82b7-b59515c2a0d3,Gaita de Foles (Bagpipe),Sopro,Instrumento de palhetas com reservatório de ar. Som icônico da Escócia e Irlanda.,https://images.unsplash.com/photo-1619018086942-265ed48a5fcd?w=1200&q=80,true,601,2025-10-27 13:33:08.075265,Símbolo da cultura escocesa. AC/DC usou em It s a Long Way to the Top. Usado em cerimônias militares.,Escócia/Irlanda (origem antiga),Aerofone de Palheta,Couro + madeira + palhetas,Sopro no reservatório,Avançado,{},"[""AC/DC usou em Its a Long Way to the Top"", ""Símbolo nacional da Escócia"", ""Tem palhetas que tocam drones contínuos""]",2025-12-16 00:04:52.501355+00,2025-12-16 00:04:52.501355+00,
174f6ed4-3c21-444a-acfa-5149f53f2ca0,Tuba,sopro,🎺 Instrumento de sopro da família dos metais,https://images.unsplash.com/photo-1589439460791-ca0e010c5bd8?w=1200&q=80,true,16,2025-05-30 00:04:22.250942,História resumida do instrumento Tuba (a completar).,Origem a completar (região e contexto histórico).,A definir,A definir,A definir,iniciante,"{""partes"": [{""nome"": ""Parte 1"", ""descricao"": ""A completar""}, {""nome"": ""Parte 2"", ""descricao"": ""A completar""}, {""nome"": ""Parte 3"", ""descricao"": ""A completar""}, {""nome"": ""Parte 4"", ""descricao"": ""A completar""}, {""nome"": ""Parte 5"", ""descricao"": ""A completar""}, {""nome"": ""Parte 6"", ""descricao"": ""A completar""}]}",[],2025-12-16 00:04:52.501355+00,2026-02-13 16:40:07.288861+00,
1b699036-0f72-4c48-9801-e01f6f25e165,Saxofone Tenor,Sopro,"Saxofone grave, com som rouco e expressivo. John Coltrane e Stan Getz são mestres do instrumento.",https://images.unsplash.com/photo-1551798507-629020c81463?w=1200&q=80,true,50,2025-10-27 13:31:23.180063,John Coltrane levou o sax tenor a níveis espirituais. Stan Getz popularizou a bossa nova nos EUA.,"Bélgica, 1840 (Adolphe Sax)",Madeiras,Metal (latão),Palheta simples,Intermediário,{},"[""John Coltrane gravou o revolucionário A Love Supreme"", ""Stan Getz ganhou Grammy com Garota de Ipanema"", ""Sonny Rollins é considerado o titã do sax tenor""]",2025-12-16 00:04:52.501355+00,2025-12-16 00:04:52.501355+00,
1f8c0a22-f3fc-4f51-8938-6e1cc6e24f85,Flauta de Pã (Panflute),Sopro,"Conjunto de tubos de diferentes tamanhos. Som pastoral, usado na música andina.",https://images.unsplash.com/photo-1563330232-57114bb0823c?w=1200&q=80,true,602,2025-10-27 13:33:08.075265,Instrumento de Pã na mitologia grega. Zamfir a popularizou. Essencial na música andina (siku).,Grécia Antiga / Andes,Sopro Livre,Bambu ou cana,Sopro nas extremidades dos tubos,Intermediário,{},"[""Zamfir vendeu milhões de discos nos anos 1970"", ""Na mitologia grega era instrumento do deus Pã"", ""Nos Andes é chamada de siku""]",2025-12-16 00:04:52.501355+00,2025-12-16 00:04:52.501355+00,
26cadf44-6d7b-4f9b-85d6-6b2c40715f45,Saxofone,sopro,"🎷 Instrumento de sopro da família das madeiras, famoso em jazz e música popular.",https://images.unsplash.com/photo-1589196799937-ea0c9c2b9b8d?w=1200&q=80,true,9,2025-05-30 00:04:22.250942,"O saxofone foi inventado por Adolphe Sax em 1840 na Bélgica. Inicialmente concebido para bandas militares, tornou-se símbolo do jazz e da música popular no século XX.",Bélgica,Madeiras,Metal (latão) com palheta simples,Sopro de ar vibrando palheta no bocal com chaveamento para afinação.,iniciante,"{""bocal"": ""com palheta simples"", ""corpo"": ""tubo cônico de latão"", ""chaves"": ""sistema de acionamento para afinação""}","[""Popularizado por Adolphe Sax em 1840"", ""Muito usado em bandas marciais e orquestras de jazz"", ""Existe em diversos tamanhos: alto, tenor, barítono""]",2025-12-16 00:04:52.501355+00,2025-12-16 00:04:52.501355+00,
2abbd218-b737-410e-934b-f9c8f3d2b806,Alfaia,Percussão,Tambor grande do maracatu pernambucano. Som grave e poderoso.,https://images.unsplash.com/photo-1519892300165-cb5542fb47c7?w=1200&q=80,true,306,2025-10-27 13:31:23.180063,Tambor do maracatu nação. Chico Science a levou ao rock com Nação Zumbi.,"Pernambuco, Brasil",Percussão de Membrana,Madeira + pele de boi,Baquetas,Intermediário,{},"[""Chico Science misturou alfaia com rock"", ""É a base do maracatu nação"", ""Pode pesar mais de 15kg""]",2025-12-16 00:04:52.501355+00,2025-12-16 00:04:52.501355+00,
32705505-7727-4d27-b7bd-b08e7c90c233,Dulcimer Apalachiano,Corda,"Cítara americana de corpo estreito, tocada no colo. Som doce da música folk dos Apalaches.",https://images.unsplash.com/photo-1511192336575-5a79af67a629?w=1200&q=80,true,104,2025-10-27 13:29:39.373938,Desenvolvido pelos colonos dos Apalaches. Joni Mitchell o usou em algumas músicas. Som característico do folk americano.,"Estados Unidos, século XVIII",Cordas Dedilhadas,Madeira,Dedilhado,Iniciante,{},"[""Tocado apoiado no colo"", ""Joni Mitchell usou em seus álbuns"", ""Muito fácil de aprender - bom para iniciantes""]",2025-12-16 00:04:52.501355+00,2025-12-16 00:04:52.501355+00,
34f9e29b-3d22-464a-b31c-c3f4fbb73328,Agogô,Percussão,"Duas campânulas de metal unidas. Som agudo e marcante, usado no samba e candomblé.",https://images.unsplash.com/photo-1590736969955-71cc94901144?w=1200&q=80,true,304,2025-10-27 13:31:23.180063,"Instrumento de origem iorubá, essencial no samba e na música afro-brasileira. Tem duas ou mais campânulas.",África/Brasil,Percussão de Metal,Metal (ferro/aço),Baqueta,Iniciante,{},"[""Nome vem do iorubá: agogô = sino"", ""Usado extensivamente por Airto Moreira"", ""Essencial nas baterias de escola de samba""]",2025-12-16 00:04:52.501355+00,2025-12-16 00:04:52.501355+00,
35aff373-706c-47d8-8004-d8edcddb1e0c,Baixo,corda,"🎸 Instrumento de cordas elétrico, essencial para linhas de baixo em diversos estilos musicais.",https://images.unsplash.com/photo-1612225330812-0bcb36db11e1?w=1200&q=80,true,7,2025-05-30 00:04:22.250942,"O baixo elétrico foi desenvolvido no século XX, tendo Leo Fender como um de seus criadores em 1951. Tornou-se o alicerce rítmico e harmônico de bandas em estilos como rock, funk, jazz e pop.",Estados Unidos,Cordas,"Madeira (corpo e braço), metal (cordas), componentes eletrônicos",Vibração das cordas amplificada por captadores elétricos.,iniciante,"{""corpo"": ""estrutura de madeira com captadores"", ""ponte"": ""suporte das cordas"", ""braço"": ""com trastes e escala"", ""headstock"": ""com tarraxas""}","[""Criado por Leo Fender em 1951"", ""Possui normalmente 4 cordas afinadas em quartas"", ""Base fundamental das bandas modernas""]",2025-12-16 00:04:52.501355+00,2025-12-16 00:04:52.501355+00,
35da6877-2528-4f37-9ab4-b44893ad1dbf,Corne Inglês,Sopro,"Oboé contralto, mais grave e com som mais aveludado. Não é inglês nem tem forma de corno.",https://images.unsplash.com/photo-1618846835584-5e0c2e0362e7?w=1200&q=80,true,46,2025-10-27 13:31:23.180063,Famoso pelo solo na abertura do Guilherme Tell de Rossini. Dvorák o usou na Sinfonia do Novo Mundo.,"Europa, século XVIII",Madeiras,Madeira (grenadilha),Palheta dupla,Avançado,{},"[""O nome é um mistério - não é inglês e não tem forma de corno"", ""Dvorák escreveu solos lindos para ele na Sinfonia do Novo Mundo"", ""Soa uma quinta abaixo do oboé""]",2025-12-16 00:04:52.501355+00,2025-12-16 00:04:52.501355+00,
36040329-1aa6-428a-ad39-cd85de03493e,Acordeão,Teclado,"Instrumento de teclas com fole, usado em música folclórica mundial. Som nostálgico do tango, forró e música francesa.",https://images.unsplash.com/photo-1605020420620-20c943cc4669?w=1200&q=80,true,403,2025-10-27 13:32:39.156989,Dominguinhos e Luiz Gonzaga o tornaram símbolo do forró. Astor Piazzolla revolucionou o tango com o bandoneón.,"Alemanha, 1822",Aerofone de Palheta Livre,Metal + madeira + couro,Sopro do fole em palhetas,Intermediário,{},"[""Luiz Gonzaga e Dominguinhos são mestres brasileiros"", ""Astor Piazzolla usava bandoneón (versão argentina)"", ""É usado mundialmente em música folclórica""]",2025-12-16 00:04:52.501355+00,2025-12-16 00:04:52.501355+00,
36b9d36d-f65b-4ba1-89be-4ab3707e874c,Fagote,sopro,"🎶 Instrumento de sopro da família das madeiras, de som grave e encorpado, utilizado em orquestras e música de câmara.",https://images.unsplash.com/photo-1565551808976-d3b5e03f8a09?w=1200&q=80,true,12,2025-05-30 00:04:22.250942,"O fagote surgiu no período renascentista, evoluindo de instrumentos como a dulciana. Tornou-se essencial em orquestras sinfônicas por seu timbre único e capacidade de cobrir linhas graves e melódicas.",Europa,Madeiras,Madeira (geralmente bordo) com chaves de metal,Sopro através de palheta dupla que faz vibrar a coluna de ar no tubo.,avancado,"{""tubo"": ""comprido e dobrado"", ""chaves"": ""múltiplas chaves para controle das notas"", ""palheta"": ""palheta dupla acoplada ao tudel""}","[""Um dos maiores instrumentos das madeiras"", ""Tem extensão de mais de 2 metros quando desenrolado"", ""Usado para linhas graves e efeitos cômicos em orquestra""]",2025-12-16 00:04:52.501355+00,2025-12-16 00:04:52.501355+00,
3702e3f9-bc82-42b6-ae32-c770081b3ec2,Congas,Percussão,"Par ou trio de tambores afro-cubanos de diferentes alturas. Essenciais na salsa, rumba e música latina.",https://images.unsplash.com/photo-1541689592655-f5f52825a3b8?w=1200&q=80,true,201,2025-10-27 13:30:13.154686,Desenvolvidas em Cuba a partir de tambores africanos. Mongo Santamaría e Tito Puente são mestres das congas.,"Cuba, século XIX",Percussão de Mão,Madeira/fibra + pele,Percussão com as mãos,Intermediário,{},"[""Mongo Santamaría compôs o hit Watermelon Man"", ""Geralmente são usadas em set de 2 ou 3"", ""Giovanni Hidalgo é considerado o maior conguero vivo""]",2025-12-16 00:04:52.501355+00,2025-12-16 00:04:52.501355+00,
3957c464-86dc-4aa2-9f09-57b5eb2a6c6a,Zabumba,Percussão,Tambor grande de duas pel es tocado com baqueta e mão. Base rítmica do forró nordestino.,https://images.unsplash.com/photo-1519892300165-cb5542fb47c7?w=1200&q=80,true,302,2025-10-27 13:31:23.180063,Essencial no forró e baião. Luiz Gonzaga a popularizou. Tocada com baqueta em um lado e mão no outro.,Nordeste do Brasil,Percussão de Membrana,Madeira + pele,Baqueta + mão,Iniciante,{},"[""Luiz Gonzaga a tornou símbolo do forró"", ""Tocada com baqueta na direita e mão na esquerda"", ""É a batida que define o baião""]",2025-12-16 00:04:52.501355+00,2025-12-16 00:04:52.501355+00,
3e02292d-bd2f-46ed-9b9e-a0c8b0acd996,Drum Machine,Eletrônico,"Bateria eletrônica programável. Definiu o som do hip-hop, house e música eletrônica.",https://images.unsplash.com/photo-1519892300165-cb5542fb47c7?w=1200&q=80,true,502,2025-10-27 13:32:55.628612,Roland TR-808 é a mais icônica. Afrika Bambaataa usou no Planet Rock. Definiu o som do hip-hop.,"Estados Unidos, anos 1970",Eletrônico,Circuitos eletrônicos,Programação de sequências rítmicas,Intermediário,{},"[""Roland TR-808 definiu o som do hip-hop"", ""Planet Rock de Afrika Bambaataa usou 808"", ""Kanye West tem álbum inteiro com 808s""]",2025-12-16 00:04:52.501355+00,2025-12-16 00:04:52.501355+00,
412c40b6-f4fc-4379-9d6f-5ce0ec2d669d,Violoncelo,corda,🎻 Instrumento de corda tocado com arco,https://images.unsplash.com/photo-1572164686349-27f940692440?w=1200&q=80,true,20,2025-05-30 00:04:22.250942,História resumida do instrumento Violoncelo (a completar).,Origem a completar (região e contexto histórico).,A definir,A definir,A definir,iniciante,"{""partes"": [{""nome"": ""Parte 1"", ""descricao"": ""A completar""}, {""nome"": ""Parte 2"", ""descricao"": ""A completar""}, {""nome"": ""Parte 3"", ""descricao"": ""A completar""}, {""nome"": ""Parte 4"", ""descricao"": ""A completar""}, {""nome"": ""Parte 5"", ""descricao"": ""A completar""}, {""nome"": ""Parte 6"", ""descricao"": ""A completar""}]}",[],2025-12-16 00:04:52.501355+00,2026-02-13 16:40:07.288861+00,
4445b5c9-dcdf-4dd3-8ce6-bb04a22127ce,Triângulo,Percussão,"Barra de metal dobrada em triângulo. Som metálico e brilhante, essencial no forró.",https://images.unsplash.com/photo-1519678099-b33d85863f9b?w=1200&q=80,true,303,2025-10-27 13:31:23.180063,Usado em orquestras e no forró. No Nordeste ganhou técnica própria com abafamentos rítmicos complexos.,"Europa medieval, abrasileirado no Nordeste",Percussão de Metal,Aço,Baqueta metálica,Iniciante,{},"[""No forró é tocado com técnica complexa"", ""Beethoven o usou na Nona Sinfonia"", ""Um bom triangueiro é disputado no forró""]",2025-12-16 00:04:52.501355+00,2025-12-16 00:04:52.501355+00,
453ca164-6f0e-4554-b008-dd68bf4586c2,Sampler,Eletrônico,"Equipamento que grava e reproduz sons. Base do hip-hop, permitiu samplear discos antigos.",https://images.unsplash.com/photo-1598653222000-6b7b7a552625?w=1200&q=80,true,503,2025-10-27 13:32:55.628612,Fairlight CMI foi o primeiro sampler famoso. Public Enemy e DJ Shadow são mestres do sampling.,"Estados Unidos, anos 1970",Eletrônico,Computador + memória digital,Gravação e reprodução digital,Avançado,{},"[""Peter Gabriel comprou o primeiro Fairlight"", ""Public Enemy revolucionou o hip-hop com sampling"", ""DJ Shadow criou álbum inteiro de samples em Endtroducing""]",2025-12-16 00:04:52.501355+00,2025-12-16 00:04:52.501355+00,
492f792b-8d0c-46b7-a195-c8c32114696d,Clarinete Baixo,Sopro,"Versão grave do clarinete, com tubo curvo e campana voltada para cima. Som escuro e misterioso.",https://images.unsplash.com/photo-1619018086942-265ed48a5fcd?w=1200&q=80,true,44,2025-10-27 13:31:23.180063,Usado para texturas graves e misteriosas. Destaca-se em trilhas sonoras de filmes de terror.,"Europa, século XIX",Madeiras,Madeira (grenadilha),Palheta simples,Avançado,{},"[""Muito usado em trilhas de filmes de terror"", ""Eric Dolphy foi mestre do clarinete baixo no jazz"", ""Pode tocar notas mais graves que o fagote""]",2025-12-16 00:04:52.501355+00,2025-12-16 00:04:52.501355+00,
4bc1c064-fa97-43f5-b6d7-d466ca66635d,Sintetizador,Eletrônico,"Instrumento eletrônico que sintetiza sons. Revolucionou a música pop, rock progressivo e eletrônica.",https://images.unsplash.com/photo-1563330232-57114bb0823c?w=1200&q=80,true,501,2025-10-27 13:32:55.628612,Robert Moog criou o sintetizador moderno. Wendy Carlos usou em Switched-On Bach. Keith Emerson o levou ao rock progressivo.,"Estados Unidos, 1964 (Robert Moog)",Eletrônico,Circuitos eletrônicos + teclado,Síntese eletrônica de som,Intermediário,{},"[""Wendy Carlos gravou Switched-On Bach inteiro no Moog"", ""Keith Emerson do ELP o tornou icônico no rock"", ""Kraftwerk criou a música eletrônica moderna com sintetizadores""]",2025-12-16 00:04:52.501355+00,2025-12-16 00:04:52.501355+00,
4c61dc18-2b1e-48c8-8a2e-2c730679d4a5,Cuíca,Percussão,"Tambor de fricção com haste interna. Som característico do samba carioca, imita o som de um macaco.",https://images.unsplash.com/photo-1578516978406-a57e83b3b8fd?w=1200&q=80,true,301,2025-10-27 13:31:23.180063,"Usada no samba desde o início. Som único e inconfundível, essencial nas escolas de samba.","Brasil, século XVIII (origem africana)",Percussão de Fricção,Madeira + pele + vara,Fricção da haste interna,Avançado,{},"[""Paul Simon a usou em Can You Imagine"", ""É muito difícil de tocar bem"", ""Cada cuíca tem um timbre único""]",2025-12-16 00:04:52.501355+00,2025-12-16 00:04:52.501355+00,
4d78c5a4-04bf-452d-b326-83e7c72c10ef,Sitar,Corda,"Instrumento de cordas dedilhadas indiano com 18-21 cordas. Som hipnótico e vibrante, usado na música clássica indiana e rock psicodélico.",https://images.unsplash.com/photo-1603048588665-791ca8aea617?w=1200&q=80,true,100,2025-10-27 13:29:39.373938,Ravi Shankar popularizou o sitar no Ocidente. George Harrison dos Beatles o usou em Norwegian Wood. Tem cordas simpáticas que vibram por ressonância.,"Índia, século XIII",Cordas Dedilhadas,Madeira + cabaça,Dedilhado das cordas,Avançado,{},"[""Ravi Shankar tocou no festival de Woodstock"", ""George Harrison foi aluno de Ravi Shankar"", ""Tem 13 cordas simpáticas que vibram por ressonância""]",2025-12-16 00:04:52.501355+00,2025-12-16 00:04:52.501355+00,
509d6a26-159a-4976-aa46-83f914f930aa,Trompete,sopro,"🎺 Instrumento de sopro da família dos metais, presente em diversos estilos musicais.",https://images.unsplash.com/photo-1595428773991-a46c1fdc2a2d?w=1200&q=80,true,14,2025-05-30 00:04:22.250942,"O trompete tem origens antigas, com registros de instrumentos similares no Egito e Roma. O modelo moderno com válvulas surgiu no século XIX e tornou-se essencial em orquestras, bandas e no jazz.",Europa,Metais,Latão,Sopro de ar com vibração dos lábios no bocal e uso de válvulas para alterar afinação.,iniciante,"{""bocal"": ""pequeno e em forma de taça"", ""corpo"": ""tubulação de latão"", ""válvulas"": ""três válvulas para mudança de notas""}","[""Usado desde a Antiguidade em cerimônias e exércitos"", ""Símbolo do jazz e de bandas marciais"", ""Pode alcançar registros agudos brilhantes e notas graves potentes""]",2025-12-16 00:04:52.501355+00,2025-12-16 00:04:52.501355+00,
56e32061-7ed6-495d-9bc1-00cdb345b02e,Cajón,Percussão,"Caixa de madeira peruana tocada sentado sobre ela. Som versátil, usado no flamenco e música popular.",https://images.unsplash.com/photo-1565551808976-d3b5e03f8a09?w=1200&q=80,true,203,2025-10-27 13:30:13.154686,Criado por escravos africanos no Peru. Paco de Lucía o introduziu no flamenco nos anos 1970. Pode simular bateria completa.,"Peru, século XVIII",Percussão de Mão,Madeira,Percussão com as mãos,Iniciante,{},"[""Criado por escravos que não tinham tambores"", ""Paco de Lucía o levou ao flamenco"", ""Pode ter bordões internos como caixa""]",2025-12-16 00:04:52.501355+00,2025-12-16 00:04:52.501355+00,
56f643e0-a3e2-4067-84ac-334c454426f8,Marimba,Percussão,"Xilofone grande com ressonadores tubulares. Som quente e rico, usado em música clássica e latina.",https://images.unsplash.com/photo-1593697821252-0c9137d9fc45?w=1200&q=80,true,207,2025-10-27 13:30:13.154686,"Origem africana, desenvolvida na Guatemala e México. Tem tubos de ressonância abaixo das teclas. Pode ter até 5 oitavas.",África/América Central,Percussão Melódica,Madeira + tubos de ressonância,Baquetas macias,Avançado,{},"[""Instrumento nacional da Guatemala"", ""Keiko Abe é a maior marimbista do mundo"", ""Bach e Debussy foram transcritos para marimba""]",2025-12-16 00:04:52.501355+00,2025-12-16 00:04:52.501355+00,
57d10b2f-c49f-460d-8fab-3da3065c15c2,Theremin,Eletrônico,Instrumento eletrônico tocado sem contato físico. Som etéreo de ficção científica.,https://images.unsplash.com/photo-1598653222000-6b7b7a552625?w=1200&q=80,true,500,2025-10-27 13:32:55.628612,Inventado por Léon Theremin em 1920. Usado em trilhas de terror e ficção científica. Clara Rockmore foi virtuose.,"Rússia, 1920",Eletrônico,Circuito eletrônico + antenas,Movimentação das mãos no campo eletromagnético,Avançado,{},"[""Primeiro instrumento eletrônico da história"", ""Usado em Good Vibrations dos Beach Boys"", ""Clara Rockmore foi a maior virtuose""]",2025-12-16 00:04:52.501355+00,2025-12-16 00:04:52.501355+00,
63ebeaeb-be5d-4c26-a5cf-f59b71423401,Alaúde,Corda,Instrumento renascentista com corpo em forma de pera. Popular na música medieval e renascentista europeia.,https://images.unsplash.com/photo-1558037148-28d5b7a3b6c7?w=1200&q=80,true,102,2025-10-27 13:29:39.373938,Chegou à Europa via mundo árabe. Bach transcreveu obras para alaúde. Sting gravou álbum inteiro de músicas de John Dowland.,"Mesopotâmia, aperfeiçoado na Europa medieval",Cordas Dedilhadas,Madeira,Dedilhado das cordas,Avançado,{},"[""Bach compôs suítes para alaúde"", ""John Dowland foi o maior compositor para alaúde"", ""Sting é um entusiasta e gravou Songs from the Labyrinth""]",2025-12-16 00:04:52.501355+00,2025-12-16 00:04:52.501355+00,
64b94e98-6ad2-4e7f-9aa0-b57f6bb58df1,Outro,outros,🎵 Outros instrumentos,PENDENTE_UPLOAD,true,23,2025-05-30 00:04:22.250942,História resumida do instrumento Outro (a completar).,Origem a completar (região e contexto histórico).,A definir,A definir,A definir,iniciante,"{""partes"": [{""nome"": ""Parte 1"", ""descricao"": ""A completar""}, {""nome"": ""Parte 2"", ""descricao"": ""A completar""}, {""nome"": ""Parte 3"", ""descricao"": ""A completar""}, {""nome"": ""Parte 4"", ""descricao"": ""A completar""}, {""nome"": ""Parte 5"", ""descricao"": ""A completar""}, {""nome"": ""Parte 6"", ""descricao"": ""A completar""}]}",[],2025-12-16 00:04:52.501355+00,2026-02-13 16:40:07.288861+00,
6925f61b-ba48-473a-b69a-e3548036c1df,Glockenspiel,Percussão,"Xilofone de metal com som de sinos. Som cristalino e brilhante, usado em orquestras e bandas.",https://images.unsplash.com/photo-1564186763535-ebb21ef5277f?w=1200&q=80,true,208,2025-10-27 13:30:13.154686,Nome alemão significa jogo de sinos. Mozart usou em A Flauta Mágica. Som duas oitavas acima do escrito.,"Europa, século XVIII",Percussão Melódica,Metal (aço),Baquetas duras,Iniciante,{},"[""Soa duas oitavas acima do escrito"", ""Mozart usou na Flauta Mágica"", ""Muito usado em trilhas de filmes infantis""]",2025-12-16 00:04:52.501355+00,2025-12-16 00:04:52.501355+00,
6b11dc1a-295f-4458-9c08-2bcec09ff3ec,Hang Drum (Handpan),Percussão,"Instrumento moderno de metal em forma de disco côncavo. Som etéreo e meditativo, tocado com as mãos.",https://images.unsplash.com/photo-1614963385733-eb25382d1d3e?w=1200&q=80,true,205,2025-10-27 13:30:13.154686,Inventado em 2000 por Felix Rohner e Sabina Schärer. Som similar ao steel pan mas tocado com as mãos. Virou fenômeno viral.,"Suíça, 2000",Percussão Melódica,Metal (aço nitrogenado),Percussão com as mãos,Intermediário,{},"[""Inventado no ano 2000 na Suíça"", ""Cada hangdrum é feito à mão"", ""Daniel Waples o popularizou no YouTube""]",2025-12-16 00:04:52.501355+00,2025-12-16 00:04:52.501355+00,
750450cf-e14e-4f02-944e-b3c1bb0f87a4,Violão,corda,🎸 Instrumento de corda dedilhada,https://images.unsplash.com/photo-1510915361894-db8b60106cb1?w=1200&q=80,true,5,2025-05-30 00:04:22.250942,"O violão tem suas origens na Antiguidade, evoluindo da lira e do alaúde. O violão moderno de 6 cordas foi padronizado no século XIX pelo luthier espanhol Antonio de Torres Jurado. Chegou ao Brasil no século XVI com os colonizadores portugueses e se tornou o instrumento símbolo da música popular brasileira.",Espanha/Mediterrâneo,Cordofones,"Madeira (tampo em cedro ou abeto, laterais e fundo em jacarandá)","Vibração das cordas dedilhadas ou pinçadas, amplificada pela caixa de ressonância",iniciante,"{""boca"": ""Abertura circular no tampo que permite a saída do som"", ""braco"": ""Parte alongada onde ficam os trastes e onde se posicionam os dedos da mão esquerda"", ""tampo"": ""Parte frontal da caixa, geralmente feita de madeira macia como cedro"", ""cabeca"": ""Extremidade superior onde ficam as tarraxas para afinar as cordas"", ""cordas"": ""Seis cordas afinadas em Mi, Lá, Ré, Sol, Si, Mi (da mais grave para a mais aguda)"", ""pestana"": ""Pequena peça que define o espaçamento das cordas no início do braço"", ""trastes"": ""Barras metálicas horizontais que dividem o braço em semitons"", ""cavalete"": ""Peça onde as cordas são fixadas no tampo"", ""tarraxas"": ""Mecanismos que permitem afinar as cordas tensionando-as ou afrouxando-as""}","[""O violão é o segundo instrumento mais tocado no mundo, perdendo apenas para o piano"", ""As cordas de nylon foram inventadas durante a Segunda Guerra Mundial como substituto ao catgut"", ""O violão de 12 cordas produz um som mais cheio devido às cordas duplas"", ""Andrés Segovia foi responsável por elevar o violão ao status de instrumento clássico""]",2025-12-16 00:04:52.501355+00,2025-12-16 00:04:52.501355+00,
761a3318-9a5e-46f3-88f2-62159b96100c,Piccolo,Sopro,"Flauta transversal pequena, oitava acima da flauta. É o instrumento mais agudo da orquestra.",https://images.unsplash.com/photo-1619018086942-265ed48a5fcd?w=1200&q=80,true,42,2025-10-27 13:31:23.180063,Usado para efeitos brilhantes e militares na orquestra. Destaca-se em Sousa e Tchaikovsky.,"Europa, século XVIII",Madeiras,Metal ou madeira,Sopro contra borda afiada,Avançado,{},"[""Pode ser ouvido acima de toda a orquestra"", ""John Philip Sousa usava muito em suas marchas"", ""É metade do tamanho da flauta transversal""]",2025-12-16 00:04:52.501355+00,2025-12-16 00:04:52.501355+00,
794f42a6-619a-4ca3-8f1b-c3ac7a9e7a08,Flauta,sopro,🎶 Instrumento de sopro da família das madeiras,https://images.unsplash.com/photo-1563330232-57114bb0823c?w=1200&q=80,true,13,2025-05-30 00:04:22.250942,História resumida do instrumento Flauta (a completar).,Origem a completar (região e contexto histórico).,A definir,A definir,A definir,iniciante,"{""partes"": [{""nome"": ""Parte 1"", ""descricao"": ""A completar""}, {""nome"": ""Parte 2"", ""descricao"": ""A completar""}, {""nome"": ""Parte 3"", ""descricao"": ""A completar""}, {""nome"": ""Parte 4"", ""descricao"": ""A completar""}, {""nome"": ""Parte 5"", ""descricao"": ""A completar""}, {""nome"": ""Parte 6"", ""descricao"": ""A completar""}]}",[],2025-12-16 00:04:52.501355+00,2026-02-13 16:40:07.288861+00,
7b6ae164-dfdf-452d-a5c3-d01554861444,Berimbau,Percussão,Arco musical afro-brasileiro com cabaça como ressonador. Som característico da capoeira.,https://images.unsplash.com/photo-1571327073757-71d13c24de30?w=1200&q=80,true,300,2025-10-27 13:31:23.180063,"Trazido por escravos africanos, tornou-se símbolo da capoeira. Mestre Bimba e Mestre Pastinha o consagraram.",África/Brasil colonial,Percussão de Corda,Madeira (biriba) + arame + cabaça,Percussão no arame com baqueta,Intermediário,{},"[""É o comando da roda de capoeira"", ""Baden Powell compôs Berimbau"", ""Caetano Veloso o usou em Cálice""]",2025-12-16 00:04:52.501355+00,2025-12-16 00:04:52.501355+00,
80436b4f-15c1-452f-9442-34e42b5117e4,Violino,corda,🎻 Instrumento de corda tocado com arco,https://images.unsplash.com/photo-1520523839897-bd0b52f945a0?w=1200&q=80,true,18,2025-05-30 00:04:22.250942,"O violino surgiu na Itália no século XVI, evoluindo de instrumentos medievais como a fidula e a rabeca. Andrea Amati criou os primeiros violinos modernos em Cremona por volta de 1550. Antonio Stradivarius e Giuseppe Guarneri del Gesù posteriormente elevaram a arte da luteria a níveis nunca antes vistos. O violino tornou-se o líder da família das cordas e protagonista da música clássica, sendo essencial em orquestras, música de câmara e como instrumento solista. Sua versatilidade permitiu que conquistasse também o folk, jazz, rock e música popular mundial.",Itália (Cremona),Cordas friccionadas,"Madeira (abeto, bordo, ébano), crina de cavalo, metal","Fricção do arco sobre as cordas, vibração transmitida através do cavalete para o tampo harmônico","Alta - requer postura específica, afinação precisa e técnica refinada","{""alma"": ""Bastão interno que equilibra pressão e timbre"", ""arco"": ""Vara com crina que produz o som por atrito"", ""fundo"": ""Placa posterior de bordo que reflete as vibrações"", ""cordas"": ""Quatro cordas afinadas em Sol-Ré-Lá-Mi"", ""espelho"": ""Superficie lisa sobre o braço onde se pressiona as cordas"", ""pestana"": ""Peça no topo do braço que eleva as cordas"", ""cavalete"": ""Peça que transmite vibrações das cordas para o tampo"", ""ilhargas"": ""Laterais curvas que conectam tampo e fundo"", ""cravelhas"": ""Pinos que regulam a tensão e afinação das cordas"", ""espaleira"": ""Apoio para o ombro esquerdo"", ""queixeira"": ""Apoio para o queixo do violinista"", ""tampo_harmonico"": ""Placa superior de abeto que amplifica o som""}","[""Um Stradivarius pode valer mais de 10 milhões de dólares"", ""O violino possui mais de 70 peças individuais"", ""Einstein tocava violino e chamava-o de seu refúgio mental"", ""O menor violino funcional mede apenas 1,6 cm"", ""Paganini era considerado tão virtuoso que diziam ter vendido a alma ao diabo""]",2025-12-16 00:04:52.501355+00,2025-12-16 00:04:52.501355+00,
82052c70-0a9d-4d94-873e-3b402e032f55,Saxofone Barítono,Sopro,"O saxofone mais grave comumente usado. Som poderoso e rico, base harmônica no jazz.",https://images.unsplash.com/photo-1599415098267-1f61b8adf37c?w=1200&q=80,true,52,2025-10-27 13:31:23.180063,Gerry Mulligan revolucionou o uso do sax barítono no jazz cool. Pepper Adams foi mestre do bebop no barítono.,"Bélgica, 1840 (Adolphe Sax)",Madeiras,Metal (latão),Palheta simples,Avançado,{},"[""Gerry Mulligan criou quarteto de jazz sem piano"", ""É o sax mais pesado - pode pesar 6kg"", ""Leo P do Too Many Zooz faz covers virais no barítono""]",2025-12-16 00:04:52.501355+00,2025-12-16 00:04:52.501355+00,
850c53c4-2ed6-4a12-a4ff-3fbaecd6bf73,Trombone,sopro,"🎶 Instrumento de sopro da família dos metais, caracterizado por sua vara deslizante que permite a execução de glissandos e grande flexibilidade sonora.",https://images.unsplash.com/photo-1519677100203-a0e668c92439?w=1200&q=80,true,15,2025-05-30 00:04:22.250942,"O trombone tem origens no século XV, evoluindo do sacabuche. Desde o Renascimento é utilizado em conjuntos sacros, orquestras, bandas e mais tarde no jazz e música popular.",Europa,Metais,Latão,"Sopro com vibração dos lábios no bocal, modulado pela posição da vara.",intermediario,"{""vara"": ""parte deslizante que altera a afinação"", ""bocal"": ""onde ocorre a vibração dos lábios"", ""corpo"": ""estrutura fixa que sustenta o conjunto"", ""campana"": ""saída do som""}","[""Único metal com vara deslizante"", ""Muito usado em jazz para efeitos expressivos"", ""Capaz de grande variação de dinâmica e timbre""]",2025-12-16 00:04:52.501355+00,2025-12-16 00:04:52.501355+00,
86f83611-c0db-470c-87e7-31ee81b1a009,Bateria,percussao,🥁 Conjunto de instrumentos de percussão,https://images.unsplash.com/photo-1519892300165-cb5542fb47c7?w=1200&q=80,true,3,2025-05-30 00:04:22.250942,"A bateria moderna surgiu no final do século XIX em New Orleans, quando músicos começaram a combinar diferentes instrumentos de percussão africanos, europeus e americanos em um único setup. O pedal de bumbo foi inventado por William Ludwig em 1909, revolucionando o instrumento. Durante a era do jazz (1920-1940), a bateria se consolidou como base rítmica das big bands. Nos anos 1960, com o rock'n'roll, ganhou protagonismo e técnicas mais agressivas. Hoje é fundamental em praticamente todos os gêneros musicais modernos.",Estados Unidos (New Orleans),Percussão,"Madeira (casco), metal (pratos, ferragens), peles sintéticas ou naturais, espuma e feltro (abafadores)","Som produzido através do impacto de baquetas, vassourinhas ou mãos sobre membranas tensionadas (tambores) e ligas metálicas (pratos). Cada peça ressoa em frequências específicas, criando timbres únicos que se combinam para formar a base rítmica.",Médio-Alto,"{""ride"": ""Prato de condução rítmica alternativa ao chimbal"", ""tons"": ""Timbales e tons para frequências médio-agudas, fills e solos"", ""bumbo"": ""Som fundamental grave, marcação forte nos tempos 1 e 3"", ""caixa"": ""Frequências médias, backbeat principal nos tempos 2 e 4"", ""crash"": ""Pratos para acentos dramáticos e finalizações"", ""surdo"": ""Tom grave-médio para apoio rítmico e transições"", ""chimbal"": ""Hi-hat para marcação temporal constante e splash"", ""baquetas"": ""Ferramentas de percussão principais para tocar"", ""estantes"": ""Suportes para posicionamento ergonômico das peças"", ""pedal_bumbo"": ""Pedal que aciona o bumbo com pé direito"", ""pedal_chimbal"": ""Pedal que controla abertura e fechamento do hi-hat""}","[""A primeira bateria completa foi montada em 1918 por William Ludwig"", ""O termo drummer vem das antigas corporações militares"", ""John Bonham (Led Zeppelin) popularizou o som do bumbo potente nos anos 70"", ""Buddy Rich conseguia tocar rollos de 32 notas por segundo"", ""A bateria é o único instrumento que usa os quatro membros simultaneamente"", ""Neil Peart (Rush) tinha um kit com mais de 40 peças""]",2025-12-16 00:04:52.501355+00,2025-12-16 00:04:52.501355+00,
87ee66bf-bb70-4e70-9aa3-4bff514ced4e,Canto,vocal,Descrição introdutória do instrumento Canto.,https://images.unsplash.com/photo-1516280440614-37939bbacd81?w=1200&q=80,true,0,2025-06-07 12:30:07.547523,História resumida do instrumento Canto (a completar).,Origem a completar (região e contexto histórico).,A definir,A definir,A definir,iniciante,"{""partes"": [{""nome"": ""Parte 1"", ""descricao"": ""A completar""}, {""nome"": ""Parte 2"", ""descricao"": ""A completar""}, {""nome"": ""Parte 3"", ""descricao"": ""A completar""}, {""nome"": ""Parte 4"", ""descricao"": ""A completar""}, {""nome"": ""Parte 5"", ""descricao"": ""A completar""}, {""nome"": ""Parte 6"", ""descricao"": ""A completar""}]}",[],2025-12-16 00:04:52.501355+00,2026-02-13 16:40:07.288861+00,
8bd473f1-7b35-4b9e-869a-17fb73c6e047,Teclado,teclado,🎹 Instrumento eletrônico de teclado,https://images.unsplash.com/photo-1563330232-57114bb0823c?w=1200&q=80,true,1,2025-05-30 00:04:22.250942,História resumida do instrumento Teclado (a completar).,Origem a completar (região e contexto histórico).,A definir,A definir,A definir,iniciante,"{""partes"": [{""nome"": ""Parte 1"", ""descricao"": ""A completar""}, {""nome"": ""Parte 2"", ""descricao"": ""A completar""}, {""nome"": ""Parte 3"", ""descricao"": ""A completar""}, {""nome"": ""Parte 4"", ""descricao"": ""A completar""}, {""nome"": ""Parte 5"", ""descricao"": ""A completar""}, {""nome"": ""Parte 6"", ""descricao"": ""A completar""}]}",[],2025-12-16 00:04:52.501355+00,2026-02-13 16:40:07.288861+00,
8ddb4eea-18b9-4b8f-bb85-16a1f5474f87,Saxofone Soprano,Sopro,"O saxofone mais agudo, reto ou curvo. Som penetrante, popularizado por Sidney Bechet e Kenny G.",https://images.unsplash.com/photo-1598546667318-8bc75e0e48b1?w=1200&q=80,true,51,2025-10-27 13:31:23.180063,Sidney Bechet foi pioneiro no jazz. John Coltrane gravou My Favorite Things no soprano. Kenny G o popularizou no smooth jazz.,"Bélgica, 1840 (Adolphe Sax)",Madeiras,Metal (latão),Palheta simples,Avançado,{},"[""Kenny G vendeu mais de 75 milhões de álbuns"", ""My Favorite Things de Coltrane é no sax soprano"", ""É o sax mais difícil de afinar""]",2025-12-16 00:04:52.501355+00,2025-12-16 00:04:52.501355+00,
8fbba87d-39e1-4542-b8bb-7c815fdc2b9a,Eufônio,sopro,🎺 Instrumento de sopro da família dos metais,PENDENTE_UPLOAD,true,17,2025-05-30 00:04:22.250942,História resumida do instrumento Eufônio (a completar).,Origem a completar (região e contexto histórico).,A definir,A definir,A definir,iniciante,"{""partes"": [{""nome"": ""Parte 1"", ""descricao"": ""A completar""}, {""nome"": ""Parte 2"", ""descricao"": ""A completar""}, {""nome"": ""Parte 3"", ""descricao"": ""A completar""}, {""nome"": ""Parte 4"", ""descricao"": ""A completar""}, {""nome"": ""Parte 5"", ""descricao"": ""A completar""}, {""nome"": ""Parte 6"", ""descricao"": ""A completar""}]}",[],2025-12-16 00:04:52.501355+00,2026-02-13 16:40:07.288861+00,
92ecdeff-3480-4f27-85cd-86f12622cf9f,Melódica,Teclado,Teclado portátil de sopro. Usada no ensino musical e por Augustus Pablo no reggae.,https://images.unsplash.com/photo-1563330232-57114bb0823c?w=1200&q=80,true,405,2025-10-27 13:32:39.156989,Hohner criou a melodica em 1958. Augustus Pablo a usou no reggae. Muito usada no ensino musical.,"Alemanha, 1958",Aerofone de Palheta Livre,Plástico + metal,Sopro em palhetas via teclado,Iniciante,{},"[""Augustus Pablo a usou no reggae"", ""Muito usada em educação musical infantil"", ""Jon Batiste a usa em performances""]",2025-12-16 00:04:52.501355+00,2025-12-16 00:04:52.501355+00,
96b547b5-e685-40f8-952c-9dfce2ad4dc6,Contrafagote,Sopro,O instrumento mais grave da família das madeiras. Soa uma oitava abaixo do fagote.,https://images.unsplash.com/photo-1565551808976-d3b5e03f8a09?w=1200&q=80,true,48,2025-10-27 13:31:23.180063,Usado para reforçar as notas mais graves da orquestra. Brahms e Ravel o usaram magistralmente.,"Europa, século XVII",Madeiras,Madeira (bordo),Palheta dupla,Avançado,{},"[""Pode tocar notas mais graves que o piano"", ""Tem mais de 5 metros de tubo se esticado"", ""É o instrumento mais grave da orquestra tradicional""]",2025-12-16 00:04:52.501355+00,2025-12-16 00:04:52.501355+00,
9a5e0eac-114e-4173-90af-32b55c870675,Percussão Erudita,percussao,🥁 Instrumentos de percussão clássica,PENDENTE_UPLOAD,true,4,2025-05-30 00:04:22.250942,História resumida do instrumento Percussão Erudita (a completar).,Origem a completar (região e contexto histórico).,A definir,A definir,A definir,iniciante,"{""partes"": [{""nome"": ""Parte 1"", ""descricao"": ""A completar""}, {""nome"": ""Parte 2"", ""descricao"": ""A completar""}, {""nome"": ""Parte 3"", ""descricao"": ""A completar""}, {""nome"": ""Parte 4"", ""descricao"": ""A completar""}, {""nome"": ""Parte 5"", ""descricao"": ""A completar""}, {""nome"": ""Parte 6"", ""descricao"": ""A completar""}]}",[],2025-12-16 00:04:52.501355+00,2026-02-13 16:40:07.288861+00,
9b42a23b-ac7f-42e1-8a04-bde4c525fbde,Oboé,sopro,"🎶 Instrumento de sopro da família das madeiras, conhecido por seu timbre brilhante e expressivo, essencial em orquestras e música de câmara.",https://images.unsplash.com/photo-1551798507-629020c81463?w=1200&q=80,true,11,2025-05-30 00:04:22.250942,"O oboé surgiu no século XVII na França, evoluindo do shawm medieval. Rapidamente se tornou indispensável nas orquestras barrocas e clássicas, famoso por afinar toda a orquestra com seu ""Lá"" puro e estável.",França,Madeiras,Madeira (geralmente ébano ou grenadilla) com chaves metálicas,Sopro através de palheta dupla que vibra para gerar o som.,avancado,"{""campana"": ""parte de saída do som"", ""palheta"": ""palheta dupla acoplada ao tubo"", ""corpo_inferior"": ""com chaves para notas graves"", ""corpo_superior"": ""com chaves para notas agudas""}","[""Dá o tom para a afinação da orquestra"", ""Exige controle respiratório muito preciso"", ""Tem um dos sons mais reconhecíveis da orquestra""]",2025-12-16 00:04:52.501355+00,2025-12-16 00:04:52.501355+00,
9c3a903d-8750-4ded-9341-c876a6d6de93,Flauta Doce (Recorder),Sopro,Flauta vertical de madeira ou plástico. Muito usada no ensino musical e na música antiga/barroca.,https://images.unsplash.com/photo-1591006509090-b43d9e1bcc36?w=1200&q=80,true,41,2025-10-27 13:31:23.180063,Popular na Renascença e Barroco. Carl Orff a incluiu em seu método pedagógico. Voltou à moda no século XX.,Europa Medieval,Madeiras,Madeira ou plástico,Sopro direto no bocal,Iniciante,{},"[""Vivaldi compôs concertos para flauta doce"", ""É o primeiro instrumento de muitas crianças"", ""Existem 8 tamanhos diferentes de flauta doce""]",2025-12-16 00:04:52.501355+00,2025-12-16 00:04:52.501355+00,
9edff4db-9ef5-43fc-970a-7d2086de223b,Viola Clássica,corda,🎻 Instrumento de corda tocado com arco,https://images.unsplash.com/photo-1589320611604-3c5b3f3f4c03?w=1200&q=80,true,19,2025-05-30 00:04:22.250942,A viola consolidou-se como a voz média das cordas; no séc. XX ganhou concertos de Walton e Bartók.,Europa (Renascença),cordas friccionadas,madeira; compósitos modernos,arco (friccionado) e pizzicato,iniciante,[],[],2025-12-16 00:04:52.501355+00,2025-12-16 00:04:52.501355+00,
a0f53672-7d87-4ab4-a64f-b551fc1a380d,Vibrafone,Percussão,"Xilofone de metal com motor que cria vibrato. Som característico do jazz, usado por Lionel Hampton e Gary Burton.",https://images.unsplash.com/photo-1563330232-57114bb0823c?w=1200&q=80,true,209,2025-10-27 13:30:13.154686,"Inventado para vaudeville, tornou-se essencial no jazz. Lionel Hampton o popularizou. Gary Burton revolucionou a técnica com 4 baquetas.","Estados Unidos, 1921",Percussão Melódica,Metal (alumínio) + motor,Baquetas,Avançado,{},"[""Lionel Hampton o tornou popular no jazz"", ""Gary Burton usa técnica de 4 baquetas"", ""Tem motor que cria efeito de vibrato""]",2025-12-16 00:04:52.501355+00,2025-12-16 00:04:52.501355+00,
ab9720a5-1973-484e-9a44-d4aa62594336,Piano,teclado,🎹 Instrumento de teclado e cordas,https://images.unsplash.com/photo-1520523839897-bd0b52f945a0?w=1200&q=80,true,2,2025-05-30 00:04:22.250942,"O piano foi inventado por Bartolomeo Cristofori em 1700 na Itália. Originalmente chamado ""gravicembalo col piano e forte"" (cravo com suave e forte), revolucionou a música por permitir dinâmicas variadas. O piano moderno desenvolveu-se no século XIX com a adição do sistema de escape duplo e o uso de ferro fundido.",Itália,Cordofones percutidos,"Madeira, ferro fundido, aço (cordas), marfim/plástico (teclas)",Martelos acionados por teclas golpeiam cordas esticadas sobre uma estrutura rígida,intermediario,"{""ponte"": ""Transmite a vibração das cordas para o tampo harmônico"", ""cordas"": ""Cordas de aço afinadas em diferentes tensões para produzir as notas"", ""pedais"": ""Sustain, una corda e sostenuto controlam ressonância e timbre"", ""moldura"": ""Estrutura de ferro fundido que suporta a tensão das cordas"", ""teclado"": ""88 teclas (52 brancas, 36 pretas) que acionam os martelos"", ""martelos"": ""Peças cobertas de feltro que golpeiam as cordas"", ""soundboard"": ""Tampo harmônico de madeira que amplifica o som""}","[""Um piano de cauda tem cerca de 12.000 peças individuais"", ""As cordas de um piano exercem uma tensão total de cerca de 20 toneladas"", ""Mozart compôs suas primeiras peças aos 5 anos de idade no piano"", ""O piano é considerado o rei dos instrumentos por sua versatilidade harmônica""]",2025-12-16 00:04:52.501355+00,2025-12-16 00:04:52.501355+00,
ac116dcb-4fd4-4ef6-b6fb-f4ff1287bf68,Saxofone Alto,Sopro,"Saxofone médio-agudo, o mais popular da família. Essencial no jazz, usado também em música clássica.",https://images.unsplash.com/photo-1589196799937-ea0c9c2b9b8d?w=1200&q=80,true,49,2025-10-27 13:31:23.180063,Charlie Parker revolucionou o jazz com o sax alto. Cannonball Adderley e Paul Desmond são lendas do instrumento.,"Bélgica, 1840 (Adolphe Sax)",Madeiras,Metal (latão),Palheta simples,Intermediário,{},"[""Charlie Parker mudou a história do jazz com o alto"", ""Paul Desmond criou o som do Dave Brubeck Quartet"", ""É o sax mais usado em bandas de música""]",2025-12-16 00:04:52.501355+00,2025-12-16 00:04:52.501355+00,
b73f1d80-3d73-487e-89b8-ab35274a8dd4,Contrabaixo Acústico,corda,"🎻 Instrumento de cordas friccionadas com som grave e profundo, essencial em orquestras e jazz.",https://images.unsplash.com/photo-1612225330812-0bcb36db11e1?w=1200&q=80,true,21,2025-05-30 00:04:22.250942,"O contrabaixo acústico surgiu no final do século XVI como membro da família do violino. Tornou-se fundamental em orquestras sinfônicas, música de câmara e, mais tarde, no jazz e na música popular.",Europa,Cordas Friccionadas,"Madeira (abeto, bordo), metal (cordas)","Vibração das cordas por arco ou pizzicato, com caixa acústica para amplificação.",intermediario,"{""corpo"": ""grande caixa acústica de madeira"", ""ponte"": ""suporte das cordas"", ""braço"": ""longo com escala sem trastes"", ""cravelhas"": ""ajuste da afinação""}","[""O maior e mais grave instrumento da família das cordas friccionadas"", ""Muito usado no jazz para linhas de walking bass"", ""Pode ser tocado com arco ou pizzicato""]",2025-12-16 00:04:52.501355+00,2025-12-16 00:04:52.501355+00,
b7425269-f2bb-454c-8c61-e3e9d028c9b4,Koto,Corda,"Cítara japonesa de 13 cordas estendidas sobre ponte móvel. Som delicado e zen, essencial na música tradicional japonesa.",https://images.unsplash.com/photo-1608452964553-9b4d97b2752f?w=1200&q=80,true,101,2025-10-27 13:29:39.373938,Usado na música da corte imperial japonesa. Cada ponte pode ser movida para ajustar a afinação. Michio Miyagi foi um mestre compositor.,"Japão, século VIII",Cordas Dedilhadas,Madeira (kiri),Dedilhado com picks nos dedos,Avançado,{},"[""Tem 13 cordas de seda ou nylon"", ""Cada ponte é móvel para ajustar afinação"", ""Pode ter até 2 metros de comprimento""]",2025-12-16 00:04:52.501355+00,2025-12-16 00:04:52.501355+00,
bc665a4e-e301-44d3-b8bf-decb09422d71,Steel Drum (Steel Pan),Percussão,"Tambor melódico de metal de Trinidad. Som caribenho alegre, usado em bandas de calipso e soca.",https://images.unsplash.com/photo-1519892300165-cb5542fb47c7?w=1200&q=80,true,206,2025-10-27 13:30:13.154686,Único instrumento acústico invent ado no século XX. Feito de barris de petróleo martelados. Som característico do Caribe.,"Trinidad e Tobago, anos 1930",Percussão Melódica,Metal (barris de petróleo),Baquetas,Avançado,{},"[""Único instrumento acústico inventado no século XX"", ""Feito de barris de petróleo reciclados"", ""Instrumento nacional de Trinidad e Tobago""]",2025-12-16 00:04:52.501355+00,2025-12-16 00:04:52.501355+00,
bee0f63a-e248-4f2c-9325-0a23cb3c5a8e,Ocarina,Sopro,"Pequeno instrumento ovo de cerâmica. Som doce, popularizada pelo jogo Zelda.",https://images.unsplash.com/photo-1591006509090-b43d9e1bcc36?w=1200&q=80,true,603,2025-10-27 13:33:08.075265,Existe em várias culturas. Giuseppe Donati criou versão moderna em 1853. Zelda: Ocarina of Time a popularizou.,"China/Itália, antiguidade",Sopro Livre,Cerâmica ou plástico,Sopro no bocal,Iniciante,{},"[""Popularizada pelo jogo Zelda Ocarina of Time"", ""Existe há milhares de anos em várias culturas"", ""Fácil de aprender mas difícil de masterizar""]",2025-12-16 00:04:52.501355+00,2025-12-16 00:04:52.501355+00,
c75fe646-ff86-4420-98f0-a0f25d39de45,Celesta,Teclado,"Teclado que percute lâminas de metal. Som de caixa de música, usado por Tchaikovsky e John Williams.",https://images.unsplash.com/photo-1564186763535-ebb21ef5277f?w=1200&q=80,true,402,2025-10-27 13:32:39.156989,Inventada em 1886. Tchaikovsky a usou na Dança da Fada Açucarada. John Williams a usa extensivamente em Harry Potter.,"França, 1886",Teclado de Percussão,Metal + madeira,Martelos percutem lâminas,Intermediário,{},"[""Tchaikovsky usou na Dança da Fada Açucarada"", ""John Williams a usa em Harry Potter"", ""Som lembra caixa de música""]",2025-12-16 00:04:52.501355+00,2025-12-16 00:04:52.501355+00,
cca87ab1-8ad4-4876-a8d8-190f85927952,Teoria Musical,teoria,📘 Estudo teórico da música,https://images.unsplash.com/photo-1507003211169-0a1dd7228f2d?w=1200&q=80,true,22,2025-05-30 00:04:22.250942,História resumida do instrumento Teoria Musical (a completar).,Origem a completar (região e contexto histórico).,A definir,A definir,A definir,iniciante,"{""partes"": [{""nome"": ""Parte 1"", ""descricao"": ""A completar""}, {""nome"": ""Parte 2"", ""descricao"": ""A completar""}, {""nome"": ""Parte 3"", ""descricao"": ""A completar""}, {""nome"": ""Parte 4"", ""descricao"": ""A completar""}, {""nome"": ""Parte 5"", ""descricao"": ""A completar""}, {""nome"": ""Parte 6"", ""descricao"": ""A completar""}]}",[],2025-12-16 00:04:52.501355+00,2026-02-13 16:40:07.288861+00,
d7c80fe1-ab43-4920-b2aa-d9b4f3ace166,Clarinete,sopro,🎶 Instrumento de sopro da família das madeiras,https://images.unsplash.com/photo-1575384147023-78e8086f98db?w=1200&q=80,true,10,2025-05-30 00:04:22.250942,"O clarinete foi desenvolvido no final do século XVII na Alemanha, evoluindo do chalumeau. Com melhorias feitas por Johann Christoph Denner, ganhou chave de registro que permitiu sua ampla tessitura. É utilizado em orquestras, bandas sinfônicas, música popular e jazz.",Alemanha,Madeiras,Madeira (geralmente grenadilla) ou resina sintética em modelos estudantis,"Vibração de palheta simples sobre o bocal, com controle da coluna de ar",intermediario,"{""mecanismo"": {""tipo"": ""Palheta simples"", ""aneis"": 6, ""chaves"": 17, ""sistema"": ""Sistema Boehm"", ""descricao"": ""Mecanismo de chaves e anéis que controla a abertura dos orifícios""}, ""manutencao"": [""Limpar após cada uso com swab"", ""Lubrificar chaves mensalmente"", ""Trocar palheta quando desgastada"", ""Revisão geral anual por técnico""], ""partes_principais"": [{""id"": 1, ""nome"": ""Boquilha"", ""funcao"": ""Produção inicial do som através da vibração da palheta"", ""material"": ""Plástico, ebonite ou cristal"", ""importancia"": ""Essencial para formação do timbre""}, {""id"": 2, ""nome"": ""Barrilete"", ""funcao"": ""Conecta a boquilha ao corpo superior"", ""material"": ""Madeira (granadilha) ou resina"", ""importancia"": ""Afeta a afinação geral do instrumento""}, {""id"": 3, ""nome"": ""Corpo Superior"", ""funcao"": ""Contém orifícios para notas agudas"", ""material"": ""Granadilha, resina ou plástico"", ""importancia"": ""Define o registro médio-agudo""}, {""id"": 4, ""nome"": ""Corpo Inferior"", ""funcao"": ""Amplia a ressonância e notas graves"", ""material"": ""Granadilha, resina ou plástico"", ""importancia"": ""Fundamental para graves e volume""}, {""id"": 5, ""nome"": ""Campana"", ""funcao"": ""Projeta o som e reforça graves"", ""material"": ""Granadilha, resina ou metal"", ""importancia"": ""Influencia projeção sonora""}]}","[{""texto"": ""O clarinete moderno foi inventado por Johann Denner em Nuremberg, Alemanha, por volta de 1700, evoluindo do chalumeau."", ""titulo"": ""Invenção moderna""}, {""texto"": ""Com mais de 3 oitavas e meia, o clarinete tem uma das maiores extensões entre instrumentos de sopro."", ""titulo"": ""Extensão impressionante""}, {""texto"": ""Existem clarinetes em várias afinações: Eb (requinta), Bb (soprano - mais comum), A (soprano), clarone (baixo) e contrabaixo."", ""titulo"": ""Família numerosa""}, {""texto"": ""Benny Goodman, conhecido como \""Rei do Swing\"", popularizou o clarinete no jazz americano nas décadas de 1930-40."", ""titulo"": ""Estrela no jazz""}, {""texto"": ""Mozart se encantou pelo clarinete e compôs obras-primas como o Concerto para Clarinete K.622 e o Quinteto K.581."", ""titulo"": ""Mozart apaixonado""}]",2025-12-16 00:04:52.501355+00,2025-12-16 00:04:52.501355+00,
df168c2e-275a-44ed-9ee7-af356bf724e5,Balalaica,Corda,Instrumento russo triangular de 3 cordas. Som característico da música folclórica russa.,https://images.unsplash.com/photo-1614963385733-eb25382d1d3e?w=1200&q=80,true,103,2025-10-27 13:29:39.373938,"Símbolo da música folclórica russa. Existe em vários tamanhos, do piccolo ao contrabaixo. Usado em orquestras de balalicas.","Rússia, século XVIII",Cordas Dedilhadas,Madeira,Dedilhado ou palheta,Intermediário,{},"[""Tem formato triangular único"", ""Existem 7 tamanhos diferentes"", ""É símbolo da cultura musical russa""]",2025-12-16 00:04:52.501355+00,2025-12-16 00:04:52.501355+00,
df42056c-8a3e-454c-aeca-73b4d608b85c,Didgeridoo,Sopro,"Instrumento aborígene australiano, tubo longo que produz drone hipnótico. Técnica de respiração circular.",https://images.unsplash.com/photo-1565551808976-d3b5e03f8a09?w=1200&q=80,true,600,2025-10-27 13:33:08.075265,Instrumento sagrado dos aborígenes australianos. Feito de tronco escavado por cupins. Requer respiração circular.,"Austrália (aborígenes), mais de 1500 anos",Sopro Livre,Madeira de eucalipto,Vibração dos lábios + respiração circular,Avançado,{},"[""Feito de eucalipto escavado por cupins"", ""Requer técnica de respiração circular"", ""Tem mais de 1500 anos de história""]",2025-12-16 00:04:52.501355+00,2025-12-16 00:04:52.501355+00,
df49fd27-9bcd-4462-a0f8-b36f0ff9f97f,Guitarra,corda,🎸 Instrumento de corda elétrica,https://images.unsplash.com/photo-1516924962500-2b4b3b99ea02?w=1200&q=80,true,6,2025-05-30 00:04:22.250942,"A guitarra elétrica moderna nasceu na década de 1930, mas suas raízes remontam ao século XVI com a vihuela espanhola. Leo Fender revolucionou o instrumento em 1950 com a Telecaster, seguida pela icônica Stratocaster em 1954. Gibson contribuiu com a Les Paul em 1952. A guitarra tornou-se o símbolo do rock and roll, blues, jazz e música popular mundial. Desde Hendrix até Eddie Van Halen, passando por B.B. King e Eric Clapton, a guitarra definiu gerações e estilos musicais, sendo o instrumento mais versátil da música moderna.",Espanha (século XVI) / EUA (moderna),Cordas dedilhadas amplificadas,"Madeira (maple, mogno, alder), metal, eletrônicos, plástico",Vibração das cordas captada por pickups magnéticos e amplificada eletronicamente,"Média - acessível para iniciantes, complexa para domínio técnico","{""jack"": ""Conector para cabo de áudio"", ""alça"": ""Correia para sustentar o instrumento"", ""corpo"": ""Corpo sólido de madeira que sustenta hardware e eletrônicos"", ""ponte"": ""Peça que ancora as cordas no corpo"", ""braço"": ""Peça alongada onde se localizam os trastes e cordas"", ""chaves"": ""Controles de volume e tonalidade"", ""cordas"": ""Seis cordas metálicas afinadas em Mi-Lá-Ré-Sol-Si-Mi"", ""cabeça"": ""Extremidade do braço onde ficam as tarraxas"", ""palheta"": ""Acessório para dedilhar as cordas"", ""pickups"": ""Captadores magnéticos que convertem vibração em sinal elétrico"", ""trastes"": ""Divisões metálicas no braço que definem as notas"", ""tarraxas"": ""Mecanismos de afinação na cabeça""}","[""A primeira guitarra elétrica vendida comercialmente foi a Rickenbacker Frying Pan de 1932"", ""Jimi Hendrix tocava uma Stratocaster de destro de cabeça para baixo por ser canhoto"", ""A Les Paul Burst de 1958-1960 é uma das guitarras mais valiosas do mundo"", ""Eddie Van Halen criou a técnica do tapping com as duas mãos"", ""B.B. King nomeou todas suas guitarras de Lucille""]",2025-12-16 00:04:52.501355+00,2025-12-16 00:04:52.501355+00,
e48ad87b-d237-45e4-a707-05374c4240fa,Cravo,Teclado,"Instrumento barroco de cordas pinçadas por plectros. Som cristalino e delicado, muito usado por Bach.",https://images.unsplash.com/photo-1563330232-57114bb0823c?w=1200&q=80,true,400,2025-10-27 13:32:39.156989,"Principal instrumento de teclado do Barroco. Bach, Handel e Scarlatti compuseram extensamente para ele. Wanda Landowska o reviveu no século XX.","Europa, século XIV",Teclado de Cordas,Madeira + cordas metálicas,Cordas pinçadas mecanicamente,Avançado,{},"[""Bach compôs o Cravo Bem Temperado"", ""Não tem dinâmica como o piano"", ""Wanda Landowska o ressuscitou no século XX""]",2025-12-16 00:04:52.501355+00,2025-12-16 00:04:52.501355+00,
e54b748d-3b1b-48ba-b65e-ec1e476e94ad,Tabla,Percussão,"Par de tambores indianos, um de metal (bayan) e outro de madeira (dayan). Usado na música clássica indiana.",https://images.unsplash.com/photo-1610993541035-08cc7c8fe1b6?w=1200&q=80,true,204,2025-10-27 13:30:13.154686,Instrumento principal da música clássica do norte da Índia. Zakir Hussain é o maior tablista contemporâneo. Tem linguagem rítmica complexa.,"Índia, século XVIII",Percussão de Mão,Madeira/metal + pele,Percussão com os dedos,Avançado,{},"[""Zakir Hussain tocou com Mickey Hart do Grateful Dead"", ""Tem pasta especial no centro que ajusta o timbre"", ""Pode produzir dezenas de sons diferentes""]",2025-12-16 00:04:52.501355+00,2025-12-16 00:04:52.501355+00,
ee709f67-e4e4-4f9c-9001-7574e4d8dfa0,Shakuhachi,Sopro,Flauta japonesa de bambu com apenas 5 furos. Som meditativo do zen budismo.,https://images.unsplash.com/photo-1563330232-57114bb0823c?w=1200&q=80,true,604,2025-10-27 13:33:08.075265,Usada por monges zen para meditação (suizen). Tem apenas 5 furos. Som pode imitar vento.,"Japão, século XVII",Sopro Livre,Bambu,Sopro na borda chanfrada,Avançado,{},"[""Usada por monges zen para meditação"", ""Tem apenas 5 furos"", ""Pode imitar sons da natureza""]",2025-12-16 00:04:52.501355+00,2025-12-16 00:04:52.501355+00,
f8653cdb-e2e7-479a-bfff-c8643859b866,Djembe,Percussão,"Tambor africano em forma de cálice, tocado com as mãos. Som poderoso e versátil, usado em cerimônias e música contemporânea.",https://images.unsplash.com/photo-1563330232-57114bb0823c?w=1200&q=80,true,200,2025-10-27 13:30:13.154686,"Originário do Império do Mali no século XII. Pode produzir três tons distintos: grave, médio e agudo dependendo da região percutida.","África Ocidental (Mali, Guiné)",Percussão de Mão,Madeira + pele de cabra,Percussão com as mãos,Iniciante,{},"[""Significa reunir em paz na língua Bambara"", ""Pode produzir 3 tons distintos"", ""Usado por Mamady Keïta para divulgar ritmos africanos""]",2025-12-16 00:04:52.501355+00,2025-12-16 00:04:52.501355+00,
fb125188-c48e-4d89-a46e-11c3b600dabd,Clavicórdio,Teclado,Antecessor do piano com som muito suave. Único teclado antigo que permitia controle de dinâmica.,https://images.unsplash.com/photo-1520523839897-bd0b52f945a0?w=1200&q=80,true,401,2025-10-27 13:32:39.156989,"Bach o preferia para compor. Som intimista, apenas para ambientes pequenos. Permite vibrato com a tecla.",Europa Medieval,Teclado de Cordas,Madeira + cordas metálicas,Cordas percutidas,Avançado,{},"[""Bach o usava para compor"", ""Som muito suave, apenas para quartos pequenos"", ""Único teclado antigo com vibrato possível""]",2025-12-16 00:04:52.501355+00,2025-12-16 00:04:52.501355+00,